vial,replicate,gene,male_geno,intro,start,done,lat,dur,d_1,d_2,d_3,d_4,e_tot,mated,p_1,p_2,p_3,p_4,pup_t,h_1,h_2,h_3,h_4,hatch_tot
1,2,56i,CyO,10:50:00,11:50:00,12:12:00,1:00:00,0:22:00,73,84,69,70,296,Y,69,82,69,67,287,0.945205479,0.976190476,1,0.957142857,0.969594595
2,2,51a,CyO,10:32:00,11:26:00,11:37:00,0:54:00,0:11:00,77,74,52,44,247,N,57,71,48,41,217,0.74025974,0.959459459,0.923076923,0.931818182,0.87854251
4,2,56i,KO,10:36:00,11:13:00,11:33:00,0:37:00,0:20:00,80,90,82,86,338,N,78,89,78,80,325,0.975,0.988888889,0.951219512,0.930232558,0.961538462
5,2,56i,CyO,10:50:00,11:50:00,12:12:00,1:00:00,0:22:00,99,94,94,93,380,N,95,94,91,87,367,0.95959596,1,0.968085106,0.935483871,0.965789474
6,2,56e,CyO,10:54:00,11:28:00,11:46:00,0:34:00,0:18:00,89,87,72,70,318,N,89,85,65,67,306,1,0.977011494,0.902777778,0.957142857,0.962264151
7,2,51a,CyO,10:32:00,10:55:00,11:15:00,0:23:00,0:20:00,63,59,54,39,215,N,19,44,44,26,133,0.301587302,0.745762712,0.814814815,0.666666667,0.618604651
8,2,56e,KO,10:25:00,12:04:00,12:29:00,1:39:00,0:25:00,68,74,77,72,291,N,67,74,77,68,286,0.985294118,1,1,0.944444444,0.982817869
9,2,51a,KO,10:47:00,11:26:00,11:41:00,0:39:00,0:15:00,60,83,89,81,313,N,54,81,83,77,295,0.9,0.975903614,0.93258427,0.950617284,0.942492013
10,2,56i,KO,10:36:00,14:47:00,15:08:00,4:11:00,0:21:00,52,62,76,73,263,N,37,62,76,70,245,0.711538462,1,1,0.95890411,0.931558935
12,2,56e,CyO,10:34:00,14:29:00,14:51:00,3:55:00,0:22:00,72,85,55,65,277,N,66,78,53,54,251,0.916666667,0.917647059,0.963636364,0.830769231,0.906137184
13,2,51a,KO,10:25:00,11:19:00,11:38:00,0:54:00,0:19:00,62,70,70,53,255,N,38,66,62,45,211,0.612903226,0.942857143,0.885714286,0.849056604,0.82745098
14,2,56i,KO,10:36:00,12:04:00,12:29:00,1:28:00,0:25:00,80,75,62,48,265,N,67,72,59,46,244,0.8375,0.96,0.951612903,0.958333333,0.920754717
15,2,56e,KO,10:34:00,10:55:00,11:24:00,0:21:00,0:29:00,99,98,92,89,378,N,92,97,85,88,362,0.929292929,0.989795918,0.923913043,0.988764045,0.957671958
16,2,56e,CyO,10:34:00,13:27:00,13:48:00,2:53:00,0:21:00,85,100,80,75,340,N,78,98,74,71,321,0.917647059,0.98,0.925,0.946666667,0.944117647
17,2,56i,KO,10:36:00,14:14:00,14:35:00,3:38:00,0:21:00,99,95,69,1,264,Y,87,94,51,0,232,0.878787879,0.989473684,0.739130435,0,0.878787879
18,2,51a,KO,10:25:00,11:26:00,11:41:00,1:01:00,0:15:00,79,67,55,31,232,N,60,65,46,28,199,0.759493671,0.970149254,0.836363636,0.903225806,0.857758621
19,2,56i,CyO,10:50:00,12:36:00,12:59:00,1:46:00,0:23:00,76,74,51,45,246,N,66,73,50,45,234,0.868421053,0.986486486,0.980392157,1,0.951219512
20,2,51a,CyO,10:32:00,11:10:00,11:26:00,0:38:00,0:16:00,80,57,46,42,225,N,67,55,45,42,209,0.8375,0.964912281,0.97826087,1,0.928888889
21,2,51a,KO,10:25:00,13:06:00,13:27:00,2:41:00,0:21:00,85,109,51,8,253,Y,73,101,14,2,190,0.858823529,0.926605505,0.274509804,0.25,0.750988142
22,2,56i,CyO,10:50:00,14:14:00,14:29:00,3:24:00,0:15:00,68,99,91,79,337,N,66,98,87,76,327,0.970588235,0.98989899,0.956043956,0.962025316,0.970326409
23,2,56e,CyO,10:54:00,11:28:00,11:57:00,0:34:00,0:29:00,93,76,81,71,321,N,91,73,76,70,310,0.978494624,0.960526316,0.938271605,0.985915493,0.965732087
24,2,56e,CyO,10:54:00,11:18:00,11:36:00,0:24:00,0:18:00,60,99,87,83,329,N,58,99,81,83,321,0.966666667,1,0.931034483,1,0.975683891
25,2,51a,KO,10:25:00,11:19:00,11:41:00,0:54:00,0:22:00,85,100,93,74,352,Y,73,98,82,61,314,0.858823529,0.98,0.88172043,0.824324324,0.892045455
27,2,56e,KO,10:39:00,13:48:00,14:14:00,3:09:00,0:26:00,76,103,89,73,341,N,73,102,87,71,333,0.960526316,0.990291262,0.97752809,0.97260274,0.976539589
28,2,51a,KO,10:25:00,11:08:00,11:18:00,0:43:00,0:10:00,110,102,92,86,390,N,95,100,88,85,368,0.863636364,0.980392157,0.956521739,0.988372093,0.943589744
29,2,56i,CyO,10:50:00,11:50:00,12:12:00,1:00:00,0:22:00,80,86,99,80,345,N,71,85,98,76,330,0.8875,0.988372093,0.98989899,0.95,0.956521739
30,2,51a,CyO,10:32:00,12:12:00,12:30:00,1:40:00,0:18:00,70,83,58,48,259,N,59,82,53,46,240,0.842857143,0.987951807,0.913793103,0.958333333,0.926640927
31,2,51a,KO,10:25:00,11:26:00,11:45:00,1:01:00,0:19:00,64,57,51,32,204,N,50,46,46,29,171,0.78125,0.807017544,0.901960784,0.90625,0.838235294
32,2,51a,CyO,10:32:00,11:51:00,12:07:00,1:19:00,0:16:00,53,25,20,26,124,N,10,5,0,7,22,0.188679245,0.2,0,0.269230769,0.177419355
33,2,51a,CyO,10:32:00,11:15:00,11:37:00,0:43:00,0:22:00,86,99,92,79,356,N,64,70,69,49,252,0.744186047,0.707070707,0.75,0.620253165,0.707865169
35,2,51a,KO,10:26:00,10:46:00,10:56:00,0:20:00,0:10:00,52,27,40,31,150,N,47,27,39,31,144,0.903846154,1,0.975,1,0.96
36,2,56e,KO,10:39:00,11:18:00,11:40:00,0:39:00,0:22:00,88,94,97,86,365,N,85,92,95,83,355,0.965909091,0.978723404,0.979381443,0.965116279,0.97260274
37,2,51a,CyO,10:32:00,11:15:00,11:37:00,0:43:00,0:22:00,77,98,100,56,331,Y,69,95,73,21,258,0.896103896,0.969387755,0.73,0.375,0.779456193
38,2,51a,CyO,10:32:00,11:15:00,11:37:00,0:43:00,0:22:00,97,85,83,82,347,N,85,80,76,75,316,0.87628866,0.941176471,0.915662651,0.914634146,0.910662824
39,2,56i,KO,10:36:00,12:23:00,12:47:00,1:47:00,0:24:00,26,1,27,36,90,N,22,1,27,36,86,0.846153846,1,1,1,0.955555556
40,2,56e,CyO,10:54:00,14:02:00,14:22:00,3:08:00,0:20:00,70,73,68,56,267,N,70,71,65,54,260,1,0.97260274,0.955882353,0.964285714,0.973782772
44,2,51a,KO,10:26:00,11:26:00,11:45:00,1:00:00,0:19:00,99,85,67,51,302,N,92,84,67,45,288,0.929292929,0.988235294,1,0.882352941,0.953642384
47,2,56e,KO,10:38:00,11:14:00,11:35:00,0:36:00,0:21:00,72,86,79,76,313,N,70,82,78,73,303,0.972222222,0.953488372,0.987341772,0.960526316,0.968051118
48,2,56e,CyO,10:54:00,13:39:00,14:02:00,2:45:00,0:23:00,87,113,77,69,346,N,77,105,63,53,298,0.885057471,0.92920354,0.818181818,0.768115942,0.861271676
49,2,51a,KO,10:26:00,11:19:00,11:38:00,0:53:00,0:19:00,52,70,66,24,212,Y,50,63,23,5,141,0.961538462,0.9,0.348484848,0.208333333,0.66509434
50,2,56e,KO,10:38:00,11:39:00,11:56:00,1:01:00,0:17:00,70,83,77,65,295,N,66,80,75,63,284,0.942857143,0.963855422,0.974025974,0.969230769,0.962711864
51,2,56i,KO,10:36:00,14:14:00,14:35:00,3:38:00,0:21:00,77,100,93,74,344,N,71,100,84,68,323,0.922077922,1,0.903225806,0.918918919,0.938953488
52,2,56e,KO,10:38:00,13:11:00,13:32:00,2:33:00,0:21:00,75,98,98,76,347,N,75,96,95,73,339,1,0.979591837,0.969387755,0.960526316,0.976945245
54,2,56e,CyO,10:54:00,11:15:00,11:35:00,0:21:00,0:20:00,96,114,93,84,387,N,94,113,87,57,351,0.979166667,0.99122807,0.935483871,0.678571429,0.906976744
55,2,56i,KO,10:36:00,12:29:00,12:53:00,1:53:00,0:24:00,73,85,85,84,327,N,68,82,83,83,316,0.931506849,0.964705882,0.976470588,0.988095238,0.966360856
56,2,51a,KO,10:47:00,10:59:00,11:12:00,0:12:00,0:13:00,69,101,85,49,304,N,64,98,77,31,270,0.927536232,0.97029703,0.905882353,0.632653061,0.888157895
57,2,56e,CyO,10:54:00,11:25:00,11:43:00,0:31:00,0:18:00,77,109,95,79,360,N,77,108,91,73,349,1,0.990825688,0.957894737,0.924050633,0.969444444
58,2,56e,CyO,10:54:00,11:25:00,11:51:00,0:31:00,0:26:00,61,41,64,44,210,N,35,36,61,43,175,0.573770492,0.87804878,0.953125,0.977272727,0.833333333
59,2,56i,CyO,10:27:00,10:55:00,11:13:00,0:28:00,0:18:00,83,100,95,78,356,N,59,68,76,62,265,0.710843373,0.68,0.8,0.794871795,0.744382022
60,2,56i,CyO,10:50:00,11:09:00,11:39:00,0:19:00,0:30:00,72,100,86,70,328,N,69,100,84,66,319,0.958333333,1,0.976744186,0.942857143,0.972560976
62,2,56i,CyO,10:27:00,11:17:00,11:39:00,0:50:00,0:22:00,69,88,88,81,326,N,68,82,87,79,316,0.985507246,0.931818182,0.988636364,0.975308642,0.969325153
63,2,56i,KO,10:36:00,14:29:00,14:44:00,3:53:00,0:15:00,68,88,93,78,327,N,65,88,89,77,319,0.955882353,1,0.956989247,0.987179487,0.975535168
65,2,56i,KO,10:35:00,11:08:00,11:33:00,0:33:00,0:25:00,83,90,81,80,334,N,80,90,81,80,331,0.963855422,1,1,1,0.991017964
66,2,56e,CyO,10:29:00,11:14:00,11:36:00,0:45:00,0:22:00,54,85,62,69,270,N,51,83,59,65,258,0.944444444,0.976470588,0.951612903,0.942028986,0.955555556
67,2,56e,KO,10:22:00,12:03:00,12:23:00,1:41:00,0:20:00,87,105,94,85,371,N,65,75,72,59,271,0.747126437,0.714285714,0.765957447,0.694117647,0.730458221
69,2,51a,KO,10:47:00,11:19:00,11:38:00,0:32:00,0:19:00,55,74,82,58,269,N,45,74,75,56,250,0.818181818,1,0.914634146,0.965517241,0.92936803
70,2,56e,CyO,10:29:00,11:35:00,11:58:00,1:06:00,0:23:00,68,59,54,57,238,N,68,57,53,57,235,1,0.966101695,0.981481481,1,0.987394958
71,2,56i,CyO,10:50:00,14:14:00,14:35:00,3:24:00,0:21:00,78,90,96,74,338,N,77,88,92,71,328,0.987179487,0.977777778,0.958333333,0.959459459,0.970414201
72,2,56i,CyO,10:27:00,11:13:00,11:34:00,0:46:00,0:21:00,72,91,96,81,340,N,71,91,94,80,336,0.986111111,1,0.979166667,0.987654321,0.988235294
73,2,51a,KO,10:47:00,11:19:00,11:38:00,0:32:00,0:19:00,76,88,86,50,300,N,61,86,79,43,269,0.802631579,0.977272727,0.918604651,0.86,0.896666667
74,2,56i,CyO,10:27:00,12:36:00,12:59:00,2:09:00,0:23:00,89,75,45,40,249,N,76,73,42,40,231,0.853932584,0.973333333,0.933333333,1,0.927710843
75,2,56e,CyO,10:29:00,12:12:00,12:36:00,1:43:00,0:24:00,92,102,98,87,379,N,90,102,90,84,366,0.97826087,1,0.918367347,0.965517241,0.965699208
77,2,56e,CyO,10:30:00,11:14:00,11:36:00,0:44:00,0:22:00,79,105,98,104,386,N,54,65,69,68,256,0.683544304,0.619047619,0.704081633,0.653846154,0.663212435
78,2,51a,CyO,10:57:00,11:10:00,11:37:00,0:13:00,0:27:00,78,100,89,52,319,N,68,88,68,46,270,0.871794872,0.88,0.764044944,0.884615385,0.846394984
79,2,56i,KO,10:19:00,11:08:00,11:33:00,0:49:00,0:25:00,84,105,99,83,371,N,60,82,67,59,268,0.714285714,0.780952381,0.676767677,0.710843373,0.722371968
80,2,51a,CyO,10:57:00,11:24:00,11:41:00,0:27:00,0:17:00,63,96,85,78,322,N,57,80,74,61,272,0.904761905,0.833333333,0.870588235,0.782051282,0.844720497
82,2,56e,KO,10:22:00,11:24:00,11:44:00,1:02:00,0:20:00,59,90,75,64,288,N,59,86,73,60,278,1,0.955555556,0.973333333,0.9375,0.965277778
83,2,56i,CyO,10:28:00,11:13:00,11:34:00,0:45:00,0:21:00,83,95,91,87,356,N,82,92,87,86,347,0.987951807,0.968421053,0.956043956,0.988505747,0.974719101
84,2,51a,CyO,10:57:00,11:26:00,11:38:00,0:29:00,0:12:00,85,93,87,78,343,N,62,88,81,71,302,0.729411765,0.946236559,0.931034483,0.91025641,0.880466472
85,2,51a,CyO,10:57:00,11:15:00,11:37:00,0:18:00,0:22:00,69,87,96,79,331,N,64,76,85,60,285,0.927536232,0.873563218,0.885416667,0.759493671,0.86102719
86,2,56e,KO,10:22:00,11:24:00,11:43:00,1:02:00,0:19:00,98,99,89,58,344,N,93,97,87,53,330,0.948979592,0.97979798,0.97752809,0.913793103,0.959302326
87,2,51a,CyO,10:57:00,11:44:00,12:07:00,0:47:00,0:23:00,106,99,102,81,388,N,97,97,95,78,367,0.91509434,0.97979798,0.931372549,0.962962963,0.945876289
88,2,56i,KO,10:20:00,11:08:00,11:27:00,0:48:00,0:19:00,85,84,85,89,343,N,83,82,81,86,332,0.976470588,0.976190476,0.952941176,0.966292135,0.967930029
89,2,56i,CyO,10:28:00,11:09:00,11:28:00,0:41:00,0:19:00,54,98,84,23,259,Y,52,98,70,8,228,0.962962963,1,0.833333333,0.347826087,0.88030888
90,2,51a,KO,10:47:00,11:16:00,11:38:00,0:29:00,0:22:00,41,60,47,51,199,N,37,56,46,50,189,0.902439024,0.933333333,0.978723404,0.980392157,0.949748744
91,2,56e,KO,10:22:00,11:14:00,11:34:00,0:52:00,0:20:00,76,101,86,75,338,N,69,95,81,72,317,0.907894737,0.940594059,0.941860465,0.96,0.937869822
93,2,56e,CyO,10:30:00,11:14:00,11:36:00,0:44:00,0:22:00,85,92,84,69,330,N,79,91,81,66,317,0.929411765,0.989130435,0.964285714,0.956521739,0.960606061
94,2,56e,CyO,10:30:00,13:31:00,13:55:00,3:01:00,0:24:00,64,78,97,66,305,N,63,78,94,63,298,0.984375,1,0.969072165,0.954545455,0.97704918
95,2,51a,KO,10:47:00,11:03:00,11:19:00,0:16:00,0:16:00,57,94,92,93,336,N,56,91,83,75,305,0.98245614,0.968085106,0.902173913,0.806451613,0.907738095
96,2,56i,KO,10:20:00,12:29:00,12:47:00,2:09:00,0:18:00,71,51,42,42,206,N,61,47,35,40,183,0.85915493,0.921568627,0.833333333,0.952380952,0.888349515
97,2,56i,KO,10:20:00,12:04:00,12:29:00,1:44:00,0:25:00,67,86,82,75,310,N,66,85,77,75,303,0.985074627,0.988372093,0.93902439,1,0.977419355
98,2,56e,KO,10:23:00,12:12:00,12:36:00,1:49:00,0:24:00,25,4,7,16,52,N,24,4,7,16,51,0.96,1,1,1,0.980769231
99,2,51a,CyO,10:57:00,11:29:00,11:51:00,0:32:00,0:22:00,16,1,0,0,17,N,15,1,0,0,16,0.9375,1,NA,NA,0.941176471
100,2,51a,KO,10:47:00,11:38:00,11:56:00,0:51:00,0:18:00,79,98,95,60,332,N,64,94,92,59,309,0.810126582,0.959183673,0.968421053,0.983333333,0.930722892
101,2,51a,KO,10:47:00,11:38:00,11:56:00,0:51:00,0:18:00,85,96,97,39,317,N,66,92,83,37,278,0.776470588,0.958333333,0.855670103,0.948717949,0.876971609
102,2,56i,KO,10:20:00,11:13:00,11:27:00,0:53:00,0:14:00,22,15,30,39,106,N,10,15,28,34,87,0.454545455,1,0.933333333,0.871794872,0.820754717
104,2,56i,KO,10:20:00,11:39:00,12:00:00,1:19:00,0:21:00,94,93,87,81,355,N,90,89,85,79,343,0.957446809,0.956989247,0.977011494,0.975308642,0.966197183
105,2,56e,KO,10:23:00,12:00:00,12:30:00,1:37:00,0:30:00,77,94,82,57,310,N,77,93,80,51,301,1,0.989361702,0.975609756,0.894736842,0.970967742
106,2,56e,CyO,10:30:00,11:25:00,11:43:00,0:55:00,0:18:00,87,77,85,68,317,N,74,77,82,64,297,0.850574713,1,0.964705882,0.941176471,0.936908517
107,2,56e,CyO,10:30:00,11:06:00,11:16:00,0:36:00,0:10:00,72,99,87,67,325,N,71,95,81,60,307,0.986111111,0.95959596,0.931034483,0.895522388,0.944615385
108,2,56e,KO,10:23:00,11:28:00,11:56:00,1:05:00,0:28:00,70,74,74,66,284,N,67,74,72,63,276,0.957142857,1,0.972972973,0.954545455,0.971830986
109,2,51a,CyO,10:57:00,11:26:00,11:41:00,0:29:00,0:15:00,72,71,44,33,220,N,51,67,41,29,188,0.708333333,0.943661972,0.931818182,0.878787879,0.854545455
110,2,56e,CyO,10:54:00,11:18:00,11:36:00,0:24:00,0:18:00,0,0,0,0,0,Y,0,0,0,0,0,NA,NA,NA,NA,NA
111,2,56e,KO,10:23:00,13:11:00,13:32:00,2:48:00,0:21:00,54,65,62,39,220,N,33,60,60,37,190,0.611111111,0.923076923,0.967741935,0.948717949,0.863636364
112,2,56i,CyO,10:30:00,11:13:00,11:24:00,0:43:00,0:11:00,9,0,0,0,9,Y,0,0,0,0,0,0,NA,NA,NA,0
114,2,56i,KO,10:20:00,11:08:00,11:23:00,0:48:00,0:15:00,78,83,80,61,302,N,71,82,80,59,292,0.91025641,0.987951807,1,0.967213115,0.966887417
115,2,51a,KO,10:47:00,11:16:00,11:41:00,0:29:00,0:25:00,40,47,45,36,168,N,37,45,41,35,158,0.925,0.957446809,0.911111111,0.972222222,0.94047619
116,2,56e,KO,10:38:00,11:14:00,11:40:00,0:36:00,0:26:00,70,109,96,80,355,N,68,106,92,79,345,0.971428571,0.972477064,0.958333333,0.9875,0.971830986
117,2,56e,KO,10:38:00,14:15:00,14:35:00,3:37:00,0:20:00,76,96,97,53,322,N,74,94,88,43,299,0.973684211,0.979166667,0.907216495,0.811320755,0.928571429
118,2,51a,KO,10:47:00,11:38:00,11:56:00,0:51:00,0:18:00,101,93,80,46,320,N,77,85,75,17,254,0.762376238,0.913978495,0.9375,0.369565217,0.79375
120,2,56i,KO,10:35:00,11:33:00,11:56:00,0:58:00,0:23:00,93,101,74,62,330,N,89,99,68,54,310,0.956989247,0.98019802,0.918918919,0.870967742,0.939393939
130,2,56f,KO,10:48:00,11:10:00,11:29:00,0:22:00,0:19:00,92,89,101,76,358,N,86,87,99,75,347,0.934782609,0.97752809,0.98019802,0.986842105,0.969273743
131,2,22a,KO,10:32:00,11:15:00,11:38:00,0:43:00,0:23:00,91,94,103,75,363,N,81,90,94,61,326,0.89010989,0.957446809,0.912621359,0.813333333,0.898071625
132,2,8a,KO,10:36:00,11:29:00,11:51:00,0:53:00,0:22:00,76,76,79,68,299,N,73,76,75,63,287,0.960526316,1,0.949367089,0.926470588,0.959866221
133,2,8a,KO,10:36:00,11:09:00,11:39:00,0:33:00,0:30:00,94,94,99,75,362,N,91,91,96,68,346,0.968085106,0.968085106,0.96969697,0.906666667,0.955801105
134,2,8a,KO,10:35:00,10:41:00,10:58:00,0:06:00,0:17:00,65,89,71,21,246,Y,61,87,66,14,228,0.938461538,0.97752809,0.929577465,0.666666667,0.926829268
135,2,56f,CyO,10:46:00,11:23:00,11:50:00,0:37:00,0:27:00,73,79,94,74,320,N,73,76,91,72,312,1,0.962025316,0.968085106,0.972972973,0.975
136,2,22a,KO,10:32:00,10:58:00,11:15:00,0:26:00,0:17:00,25,0,0,0,25,N,9,0,0,0,9,0.36,NA,NA,NA,0.36
137,2,8a,CyO,10:50:00,11:17:00,11:31:00,0:27:00,0:14:00,95,92,57,6,250,Y,91,73,24,0,188,0.957894737,0.793478261,0.421052632,0,0.752
138,2,8a,KO,10:35:00,11:39:00,11:59:00,1:04:00,0:20:00,91,92,99,62,344,N,89,89,98,58,334,0.978021978,0.967391304,0.98989899,0.935483871,0.970930233
139,2,22a,KO,10:32:00,10:58:00,11:15:00,0:26:00,0:17:00,86,98,99,86,369,N,83,95,96,82,356,0.965116279,0.969387755,0.96969697,0.953488372,0.964769648
140,2,56f,CyO,10:46:00,11:04:00,11:23:00,0:18:00,0:19:00,0,0,0,0,0,Y,0,0,0,0,0,NA,NA,NA,NA,NA
141,2,22a,KO,10:32:00,11:50:00,12:04:00,1:18:00,0:14:00,35,67,58,44,204,N,35,64,56,44,199,1,0.955223881,0.965517241,1,0.975490196
142,2,22a,CyO,10:27:00,10:40:00,11:01:00,0:13:00,0:21:00,35,38,45,53,171,N,34,36,45,49,164,0.971428571,0.947368421,1,0.924528302,0.959064327
143,2,56f,CyO,10:46:00,11:16:00,11:31:00,0:30:00,0:15:00,64,89,83,60,296,N,64,88,83,56,291,1,0.988764045,1,0.933333333,0.983108108
144,2,22a,KO,10:32:00,10:44:00,11:08:00,0:12:00,0:24:00,84,97,106,78,365,N,77,93,97,72,339,0.916666667,0.958762887,0.91509434,0.923076923,0.928767123
145,2,56f,CyO,10:46:00,11:10:00,11:29:00,0:24:00,0:19:00,75,100,102,84,361,N,74,97,99,78,348,0.986666667,0.97,0.970588235,0.928571429,0.96398892
146,2,8a,CyO,10:50:00,12:25:00,12:48:00,1:35:00,0:23:00,81,40,13,0,134,Y,20,1,2,0,23,0.24691358,0.025,0.153846154,NA,0.171641791
147,2,8a,CyO,10:50:00,13:59:00,14:24:00,3:09:00,0:25:00,66,92,88,60,306,N,63,91,85,55,294,0.954545455,0.989130435,0.965909091,0.916666667,0.960784314
148,2,8a,CyO,10:50:00,13:24:00,13:47:00,2:34:00,0:23:00,29,26,28,32,115,N,27,25,26,32,110,0.931034483,0.961538462,0.928571429,1,0.956521739
149,2,56f,CyO,10:46:00,11:10:00,11:31:00,0:24:00,0:21:00,69,51,92,66,278,N,68,51,90,59,268,0.985507246,1,0.97826087,0.893939394,0.964028777
150,2,8a,CyO,10:43:00,11:17:00,11:41:00,0:34:00,0:24:00,28,12,40,34,114,N,28,12,40,15,95,1,1,1,0.441176471,0.833333333
151,2,22a,CyO,10:27:00,11:24:00,11:42:00,0:57:00,0:18:00,30,51,69,52,202,N,30,51,65,52,198,1,1,0.942028986,1,0.98019802
152,2,22a,CyO,10:27:00,11:24:00,11:42:00,0:57:00,0:18:00,49,63,62,44,218,N,43,59,58,39,199,0.87755102,0.936507937,0.935483871,0.886363636,0.912844037
153,2,8a,KO,10:35:00,11:39:00,11:59:00,1:04:00,0:20:00,71,92,91,76,330,N,69,91,88,73,321,0.971830986,0.989130435,0.967032967,0.960526316,0.972727273
154,2,8a,CyO,10:43:00,11:17:00,11:31:00,0:34:00,0:14:00,0,0,0,0,0,Y,0,0,0,0,0,NA,NA,NA,NA,NA
155,2,8a,CyO,10:43:00,11:05:00,11:23:00,0:22:00,0:18:00,66,78,80,72,296,N,63,76,77,62,278,0.954545455,0.974358974,0.9625,0.861111111,0.939189189
156,2,56f,KO,10:48:00,11:10:00,11:40:00,0:22:00,0:30:00,79,90,89,71,329,N,79,89,86,65,319,1,0.988888889,0.966292135,0.915492958,0.969604863
157,2,8a,CyO,10:43:00,11:05:00,11:23:00,0:22:00,0:18:00,56,89,45,0,190,Y,50,80,19,0,149,0.892857143,0.898876404,0.422222222,NA,0.784210526
158,2,8a,KO,10:35:00,11:09:00,11:39:00,0:34:00,0:30:00,40,55,81,41,217,N,40,54,78,40,212,1,0.981818182,0.962962963,0.975609756,0.976958525
159,2,56f,KO,10:48:00,11:23:00,11:40:00,0:35:00,0:17:00,58,57,59,44,218,N,53,56,57,37,203,0.913793103,0.98245614,0.966101695,0.840909091,0.931192661
160,2,56f,CyO,10:46:00,11:00:00,11:23:00,0:14:00,0:23:00,35,9,37,29,110,N,35,8,33,29,105,1,0.888888889,0.891891892,1,0.954545455
161,2,56f,KO,10:48:00,11:09:00,11:40:00,0:21:00,0:31:00,75,104,90,70,339,N,74,102,89,67,332,0.986666667,0.980769231,0.988888889,0.957142857,0.979351032
162,2,22a,CyO,10:40:00,13:47:00,14:10:00,3:07:00,0:23:00,20,17,47,50,134,N,20,17,45,45,127,1,1,0.957446809,0.9,0.947761194
163,2,22a,KO,10:33:00,11:08:00,11:29:00,0:35:00,0:21:00,65,80,88,57,290,N,62,78,85,55,280,0.953846154,0.975,0.965909091,0.964912281,0.965517241
164,2,56f,CyO,10:46:00,11:16:00,11:41:00,0:30:00,0:25:00,86,83,97,53,319,Y,71,58,68,41,238,0.825581395,0.698795181,0.701030928,0.773584906,0.746081505
165,2,56f,CyO,10:46:00,11:10:00,11:23:00,0:24:00,0:13:00,21,37,43,48,149,N,21,36,40,44,141,1,0.972972973,0.930232558,0.916666667,0.946308725
166,2,56f,KO,10:48:00,12:15:00,12:36:00,1:27:00,0:21:00,77,90,81,36,284,Y,77,89,81,34,281,1,0.988888889,1,0.944444444,0.98943662
167,2,8a,CyO,10:28:00,11:23:00,11:41:00,0:55:00,0:18:00,75,78,82,67,302,N,71,75,77,60,283,0.946666667,0.961538462,0.93902439,0.895522388,0.937086093
168,2,56f,KO,10:38:00,11:40:00,12:04:00,1:02:00,0:24:00,78,89,91,65,323,N,77,88,91,65,321,0.987179487,0.988764045,1,1,0.99380805
169,2,8a,KO,10:35:00,11:58:00,12:32:00,1:23:00,0:34:00,70,82,91,73,316,N,70,78,89,68,305,1,0.951219512,0.978021978,0.931506849,0.965189873
170,2,22a,CyO,10:40:00,12:14:00,12:41:00,1:34:00,0:27:00,73,80,91,76,320,N,72,79,91,72,314,0.98630137,0.9875,1,0.947368421,0.98125
171,2,56f,KO,10:38:00,11:10:00,11:29:00,0:32:00,0:19:00,20,5,72,1,98,N,19,3,68,1,91,0.95,0.6,0.944444444,1,0.928571429
172,2,22a,CyO,10:40:00,11:08:00,11:24:00,0:28:00,0:16:00,14,15,3,1,33,N,13,15,3,1,32,0.928571429,1,1,1,0.96969697
173,2,8a,CyO,10:28:00,11:23:00,11:41:00,0:55:00,0:18:00,101,108,105,71,385,Y,99,106,80,50,335,0.98019802,0.981481481,0.761904762,0.704225352,0.87012987
174,2,22a,KO,10:21:00,11:08:00,11:29:00,0:47:00,0:21:00,52,56,58,32,198,N,49,54,57,30,190,0.942307692,0.964285714,0.982758621,0.9375,0.95959596
175,2,8a,CyO,10:28:00,11:50:00,12:09:00,1:22:00,0:19:00,73,80,95,70,318,N,71,75,89,65,300,0.97260274,0.9375,0.936842105,0.928571429,0.943396226
176,2,22a,CyO,10:40:00,11:08:00,11:29:00,0:28:00,0:21:00,80,95,88,62,325,N,76,90,80,49,295,0.95,0.947368421,0.909090909,0.790322581,0.907692308
177,2,8a,CyO,10:28:00,11:17:00,11:31:00,0:49:00,0:14:00,97,100,109,74,380,N,92,97,99,70,358,0.948453608,0.97,0.908256881,0.945945946,0.942105263
178,2,22a,CyO,10:40:00,11:24:00,11:42:00,0:44:00,0:18:00,77,92,88,75,332,N,70,92,81,51,294,0.909090909,1,0.920454545,0.68,0.885542169
179,2,56f,KO,10:38:00,11:04:00,11:23:00,0:26:00,0:19:00,81,87,98,73,339,N,81,84,96,73,334,1,0.965517241,0.979591837,1,0.985250737
180,2,8a,CyO,10:28:00,11:17:00,11:41:00,0:49:00,0:24:00,94,58,30,12,194,Y,92,33,20,6,151,0.978723404,0.568965517,0.666666667,0.5,0.778350515
181,2,56f,CyO,10:30:00,11:16:00,11:41:00,0:46:00,0:25:00,103,106,113,58,380,N,102,100,110,52,364,0.990291262,0.943396226,0.973451327,0.896551724,0.957894737
182,2,8a,KO,10:34:00,11:39:00,12:04:00,1:05:00,0:25:00,91,98,103,67,359,N,86,91,98,66,341,0.945054945,0.928571429,0.951456311,0.985074627,0.949860724
183,2,56f,KO,10:38:00,10:57:00,11:23:00,0:19:00,0:26:00,72,103,112,95,382,N,69,100,111,88,368,0.958333333,0.970873786,0.991071429,0.926315789,0.963350785
184,2,56f,KO,10:25:00,11:03:00,11:29:00,0:38:00,0:26:00,43,2,0,0,45,Y,28,2,0,1,31,0.651162791,1,NA,NA,0.688888889
185,2,22a,KO,10:20:00,12:25:00,12:48:00,2:05:00,0:23:00,90,105,102,94,391,N,79,100,92,85,356,0.877777778,0.952380952,0.901960784,0.904255319,0.910485934
186,2,56f,KO,10:25:00,11:03:00,11:29:00,0:38:00,0:26:00,94,84,97,82,357,N,94,81,92,76,343,1,0.964285714,0.948453608,0.926829268,0.960784314
187,2,8a,KO,10:23:00,12:56:00,13:24:00,2:33:00,0:28:00,73,90,91,76,330,N,73,85,91,75,324,1,0.944444444,1,0.986842105,0.981818182
188,2,8a,KO,10:23:00,14:15:00,14:37:00,3:52:00,0:22:00,62,30,15,25,132,N,61,29,15,24,129,0.983870968,0.966666667,1,0.96,0.977272727
189,2,8a,KO,10:23:00,11:40:00,12:04:00,1:17:00,0:24:00,79,116,98,82,375,Y,79,109,92,72,352,1,0.939655172,0.93877551,0.87804878,0.938666667
190,2,56f,KO,10:25:00,12:32:00,12:56:00,2:07:00,0:24:00,76,93,108,90,367,N,76,89,101,73,339,1,0.956989247,0.935185185,0.811111111,0.923705722
191,2,56f,KO,10:25:00,11:10:00,11:29:00,0:45:00,0:19:00,70,79,96,75,320,N,54,59,66,47,226,0.771428571,0.746835443,0.6875,0.626666667,0.70625
192,2,8a,KO,10:23:00,10:58:00,11:22:00,0:35:00,0:24:00,79,94,102,69,344,N,75,89,99,67,330,0.949367089,0.946808511,0.970588235,0.971014493,0.959302326
193,2,8a,KO,10:23:00,11:03:00,11:22:00,0:40:00,0:19:00,80,69,66,48,263,N,69,56,59,44,228,0.8625,0.811594203,0.893939394,0.916666667,0.866920152
194,2,22a,KO,10:20:00,13:54:00,14:19:00,3:34:00,0:25:00,82,105,110,88,385,N,80,102,109,87,378,0.975609756,0.971428571,0.990909091,0.988636364,0.981818182
195,2,8a,CyO,10:29:00,12:14:00,12:36:00,1:45:00,0:22:00,78,37,4,0,119,Y,72,15,3,0,90,0.923076923,0.405405405,0.75,NA,0.756302521
196,2,8a,KO,10:23:00,13:39:00,14:04:00,3:16:00,0:25:00,62,78,81,67,288,N,58,74,74,54,260,0.935483871,0.948717949,0.913580247,0.805970149,0.902777778
197,2,56f,CyO,10:30:00,11:16:00,11:41:00,0:46:00,0:25:00,99,96,109,80,384,N,98,95,101,75,369,0.98989899,0.989583333,0.926605505,0.9375,0.9609375
198,2,22a,CyO,10:27:00,12:48:00,13:11:00,2:21:00,0:23:00,84,63,20,20,187,N,79,63,20,16,178,0.94047619,1,1,0.8,0.951871658
199,2,8a,KO,10:23:00,10:41:00,10:54:00,0:18:00,0:13:00,75,85,108,86,354,N,73,84,104,76,337,0.973333333,0.988235294,0.962962963,0.88372093,0.951977401
200,2,8a,KO,10:23:00,11:09:00,11:51:00,0:46:00,0:42:00,79,95,105,77,356,N,79,93,102,73,347,1,0.978947368,0.971428571,0.948051948,0.974719101
201,2,22a,KO,10:20:00,11:13:00,11:29:00,0:53:00,0:16:00,64,80,93,63,300,N,57,70,90,59,276,0.890625,0.875,0.967741935,0.936507937,0.92
202,2,56f,CyO,10:30:00,11:04:00,11:29:00,0:34:00,0:25:00,0,0,0,0,0,Y,0,0,0,0,0,NA,NA,NA,NA,NA
203,2,22a,KO,10:21:00,10:41:00,11:03:00,0:20:00,0:22:00,50,53,67,43,213,N,39,29,36,9,113,0.78,0.547169811,0.537313433,0.209302326,0.530516432
204,2,56f,KO,10:25:00,11:10:00,11:40:00,0:45:00,0:30:00,113,101,111,71,396,N,105,97,109,64,375,0.92920354,0.96039604,0.981981982,0.901408451,0.946969697
205,2,22a,KO,10:21:00,11:15:00,11:38:00,0:54:00,0:23:00,70,64,58,14,206,Y,42,52,41,10,145,0.6,0.8125,0.706896552,0.714285714,0.703883495
206,2,22a,KO,10:21:00,12:36:00,13:02:00,2:15:00,0:26:00,59,79,68,48,254,N,58,77,66,45,246,0.983050847,0.974683544,0.970588235,0.9375,0.968503937
207,2,56f,KO,10:25:00,11:50:00,12:15:00,1:25:00,0:25:00,66,86,93,67,312,N,47,65,66,51,229,0.712121212,0.755813953,0.709677419,0.76119403,0.733974359
208,2,56f,CyO,10:30:00,11:10:00,11:23:00,0:40:00,0:13:00,62,91,99,79,331,N,61,89,92,75,317,0.983870968,0.978021978,0.929292929,0.949367089,0.957703927
209,2,56f,CyO,10:30:00,12:20:00,12:48:00,1:50:00,0:28:00,86,106,106,81,379,N,86,103,102,79,370,1,0.971698113,0.962264151,0.975308642,0.976253298
210,2,8a,CyO,10:43:00,11:17:00,11:31:00,0:34:00,0:14:00,52,83,95,78,308,N,52,82,89,75,298,1,0.987951807,0.936842105,0.961538462,0.967532468
211,2,56f,KO,10:38:00,13:39:00,13:59:00,3:01:00,0:20:00,18,10,36,29,93,N,17,10,36,29,92,0.944444444,1,1,1,0.989247312
212,2,8a,CyO,10:43:00,10:59:00,11:17:00,0:16:00,0:18:00,66,41,23,26,156,Y,56,41,13,17,127,0.848484848,1,0.565217391,0.653846154,0.814102564
213,2,56f,CyO,10:30:00,11:51:00,12:15:00,1:21:00,0:24:00,75,98,97,35,305,Y,75,93,89,5,262,1,0.948979592,0.917525773,0.142857143,0.859016393
214,2,8a,KO,10:23:00,11:16:00,11:39:00,0:53:00,0:23:00,58,64,65,49,236,N,58,63,65,49,235,1,0.984375,1,1,0.995762712
215,2,8a,CyO,10:43:00,11:23:00,11:41:00,0:40:00,0:18:00,0,0,0,0,0,Y,0,0,0,0,0,NA,NA,NA,NA,NA
216,2,56f,KO,10:38:00,10:56:00,11:16:00,0:18:00,0:20:00,19,7,10,18,54,N,19,7,9,18,53,1,1,0.9,1,0.981481481
217,2,22a,KO,10:21:00,11:39:00,11:59:00,1:18:00,0:20:00,67,86,98,58,309,N,65,83,93,54,295,0.970149254,0.965116279,0.948979592,0.931034483,0.954692557
218,2,56f,KO,10:38:00,11:04:00,11:22:00,0:26:00,0:18:00,82,101,109,63,355,Y,61,78,74,27,240,0.743902439,0.772277228,0.678899083,0.428571429,0.676056338
219,2,56f,CyO,10:30:00,11:10:00,11:29:00,0:40:00,0:19:00,66,78,102,72,318,N,66,78,102,72,318,1,1,1,1,1
220,2,22a,KO,10:21:00,11:39:00,11:50:00,1:18:00,0:11:00,42,26,43,14,125,N,39,23,41,14,117,0.928571429,0.884615385,0.953488372,1,0.936
221,2,8a,CyO,10:43:00,11:31:00,11:41:00,0:48:00,0:10:00,0,0,0,0,0,Y,0,0,0,0,0,NA,NA,NA,NA,NA
222,1,22a,CyO,2:29:00,3:12:00,3:27:00,0:43:00,0:15:00,64,64,73,37,238,N,54,58,66,31,209,0.84375,0.90625,0.904109589,0.837837838,0.878151261
223,1,22a,KO,2:29:00,5:03:00,5:20:00,2:34:00,0:17:00,60,46,62,47,215,N,54,41,56,42,193,0.9,0.891304348,0.903225806,0.893617021,0.897674419
224,1,22a,CyO,2:29:00,3:12:00,3:33:00,0:43:00,0:21:00,60,83,101,58,302,N,53,79,92,53,277,0.883333333,0.951807229,0.910891089,0.913793103,0.917218543
225,1,22a,KO,2:30:00,3:42:00,4:07:00,1:12:00,0:25:00,61,48,10,2,121,Y,58,44,9,2,113,0.950819672,0.916666667,0.9,1,0.933884298
226,1,22a,CyO,2:31:00,3:02:00,3:27:00,0:31:00,0:25:00,62,63,51,34,210,N,52,57,48,30,187,0.838709677,0.904761905,0.941176471,0.882352941,0.89047619
227,1,22a,CyO,2:31:00,2:53:00,3:12:00,0:22:00,0:19:00,61,75,90,44,270,N,54,67,78,38,237,0.885245902,0.893333333,0.866666667,0.863636364,0.877777778
228,1,22a,KO,2:32:00,3:12:00,3:33:00,0:40:00,0:21:00,65,2,0,0,67,N,48,0,0,0,48,0.738461538,0,NA,NA,0.71641791
229,1,22a,KO,2:32:00,4:13:00,4:36:00,1:41:00,0:23:00,81,81,94,70,326,N,66,76,88,64,294,0.814814815,0.938271605,0.936170213,0.914285714,0.901840491
230,1,22a,CyO,2:31:00,3:27:00,3:55:00,0:56:00,0:28:00,88,73,96,43,300,N,79,70,90,41,280,0.897727273,0.95890411,0.9375,0.953488372,0.933333333
231,1,22a,KO,2:32:00,4:13:00,4:30:00,1:41:00,0:17:00,40,55,63,30,188,N,37,52,63,30,182,0.925,0.945454545,1,1,0.968085106
232,1,22a,CyO,2:33:00,4:19:00,4:36:00,1:46:00,0:17:00,65,85,94,77,321,N,61,78,91,74,304,0.938461538,0.917647059,0.968085106,0.961038961,0.947040498
233,1,22a,KO,2:35:00,2:56:00,3:19:00,0:21:00,0:23:00,32,24,68,65,189,N,29,21,65,65,180,0.90625,0.875,0.955882353,1,0.952380952
234,1,22a,KO,2:35:00,3:02:00,3:19:00,0:27:00,0:17:00,80,80,78,24,262,N,63,74,58,17,212,0.7875,0.925,0.743589744,0.708333333,0.809160305
235,1,22a,CyO,2:33:00,2:38:00,2:59:00,0:05:00,0:21:00,76,88,88,29,281,Y,73,84,79,20,256,0.960526316,0.954545455,0.897727273,0.689655172,0.911032028
236,1,22a,CyO,2:33:00,3:12:00,3:33:00,0:39:00,0:21:00,52,46,60,34,192,N,46,42,54,29,171,0.884615385,0.913043478,0.9,0.852941176,0.890625
237,1,22a,KO,2:35:00,5:13:00,5:35:00,2:38:00,0:22:00,58,77,94,67,296,N,45,68,75,51,239,0.775862069,0.883116883,0.79787234,0.76119403,0.807432432
238,1,22a,CyO,2:38:00,3:12:00,3:33:00,0:34:00,0:21:00,53,48,45,35,181,N,43,42,42,31,158,0.811320755,0.875,0.933333333,0.885714286,0.872928177
239,1,22a,CyO,2:38:00,4:36:00,4:56:00,1:58:00,0:20:00,55,76,83,64,278,N,54,72,81,61,268,0.981818182,0.947368421,0.975903614,0.953125,0.964028777
240,1,22a,CyO,2:38:00,3:12:00,3:33:00,0:34:00,0:21:00,63,56,76,35,230,N,56,51,69,34,210,0.888888889,0.910714286,0.907894737,0.971428571,0.913043478
241,1,22a,KO,2:41:00,4:44:00,5:05:00,2:03:00,0:21:00,64,82,106,78,330,N,58,80,100,67,305,0.90625,0.975609756,0.943396226,0.858974359,0.924242424
242,1,22a,KO,2:40:00,4:52:00,5:13:00,2:12:00,0:21:00,53,54,70,42,219,N,47,52,63,40,202,0.886792453,0.962962963,0.9,0.952380952,0.922374429
243,1,22a,KO,2:40:00,3:02:00,3:19:00,0:22:00,0:17:00,70,72,88,29,259,Y,65,68,77,1,211,0.928571429,0.944444444,0.875,0.034482759,0.814671815
244,1,22a,CyO,2:38:00,4:13:00,4:30:00,1:35:00,0:17:00,19,31,44,30,124,N,19,28,41,30,118,1,0.903225806,0.931818182,1,0.951612903
245,1,22a,CyO,2:38:00,5:19:00,5:35:00,2:41:00,0:16:00,26,40,44,2,111,N,25,39,39,2,105,0.961538462,0.975,0.886363636,1,0.945945946
246,1,22a,KO,2:40:00,3:08:00,3:27:00,0:28:00,0:19:00,69,95,101,36,301,N,57,88,100,26,271,0.826086957,0.926315789,0.99009901,0.722222222,0.900332226
247,1,22a,KO,2:40:00,5:03:00,5:20:00,2:23:00,0:17:00,52,84,80,0,216,N,49,82,78,0,209,0.942307692,0.976190476,0.975,NA,0.967592593
248,1,22a,KO,2:40:00,3:08:00,3:19:00,0:28:00,0:11:00,69,66,80,61,276,N,67,65,76,53,261,0.971014493,0.984848485,0.95,0.868852459,0.945652174
249,1,22a,KO,2:35:00,4:30:00,4:56:00,1:55:00,0:26:00,66,77,87,71,301,N,58,73,83,71,285,0.878787879,0.948051948,0.954022989,1,0.946843854
250,1,22a,KO,2:35:00,3:48:00,4:13:00,1:13:00,0:25:00,67,66,85,66,284,N,64,66,80,63,273,0.955223881,1,0.941176471,0.954545455,0.961267606
251,1,22a,CyO,2:33:00,3:33:00,3:55:00,1:00:00,0:22:00,55,69,76,61,261,N,44,61,63,60,228,0.8,0.884057971,0.828947368,0.983606557,0.873563218
252,1,22a,KO,2:35:00,4:56:00,5:20:00,2:21:00,0:24:00,68,71,88,64,291,N,59,70,84,60,273,0.867647059,0.985915493,0.954545455,0.9375,0.93814433
253,1,22a,KO,2:41:00,3:42:00,4:03:00,1:01:00,0:21:00,72,54,59,58,243,N,54,48,59,54,215,0.75,0.888888889,1,0.931034483,0.884773663
254,1,22a,KO,2:45:00,3:42:00,3:55:00,0:57:00,0:13:00,38,50,48,32,168,N,38,42,48,27,155,1,0.84,1,0.84375,0.922619048
255,1,22a,CyO,2:43:00,2:56:00,3:19:00,0:13:00,0:23:00,56,62,80,29,227,N,46,59,73,28,206,0.821428571,0.951612903,0.9125,0.965517241,0.907488987
256,1,22a,KO,2:41:00,3:12:00,3:33:00,0:31:00,0:21:00,64,86,93,79,322,N,54,85,90,73,302,0.84375,0.988372093,0.967741935,0.924050633,0.937888199
257,1,22a,KO,2:47:00,3:09:00,3:22:00,0:22:00,0:13:00,73,67,89,73,302,N,70,63,84,61,278,0.95890411,0.940298507,0.943820225,0.835616438,0.920529801
258,1,22a,CyO,2:43:00,3:03:00,3:27:00,0:20:00,0:24:00,63,74,79,56,272,N,57,74,74,43,248,0.904761905,1,0.936708861,0.767857143,0.911764706
259,1,22a,CyO,2:43:00,3:19:00,3:42:00,0:36:00,0:23:00,73,77,82,60,292,N,73,76,80,58,287,1,0.987012987,0.975609756,0.966666667,0.982876712
260,1,22a,CyO,2:43:00,3:03:00,3:19:00,0:20:00,0:16:00,37,23,40,31,131,N,31,20,36,31,118,0.837837838,0.869565217,0.9,1,0.900763359
261,1,22a,KO,2:45:00,4:56:00,5:15:00,2:11:00,0:19:00,61,64,85,50,260,N,59,63,79,46,247,0.967213115,0.984375,0.929411765,0.92,0.95
262,1,22a,KO,2:47:00,4:52:00,5:13:00,2:05:00,0:21:00,30,35,39,22,126,N,27,35,37,21,120,0.9,1,0.948717949,0.954545455,0.952380952
263,1,22a,CyO,2:44:00,3:03:00,3:19:00,0:19:00,0:16:00,50,52,54,53,209,N,40,50,53,49,192,0.8,0.961538462,0.981481481,0.924528302,0.918660287
264,1,22a,KO,2:45:00,3:03:00,3:19:00,0:18:00,0:16:00,52,31,53,59,195,N,50,28,53,52,183,0.961538462,0.903225806,1,0.881355932,0.938461538
265,1,51a,KO,2:05:00,2:09:00,2:28:00,0:04:00,0:19:00,48,50,63,51,212,N,27,45,56,37,165,0.5625,0.9,0.888888889,0.725490196,0.778301887
266,1,51a,KO,2:02:00,2:40:00,3:00:00,0:38:00,0:20:00,81,83,89,67,319,Y,53,81,89,43,266,0.654320988,0.975903614,1,0.641791045,0.833855799
267,1,51a,KO,2:02:00,2:22:00,2:39:00,0:20:00,0:17:00,38,39,66,41,184,N,31,38,66,35,170,0.815789474,0.974358974,1,0.853658537,0.923913043
268,1,51a,KO,2:02:00,2:39:00,2:52:00,0:37:00,0:13:00,44,47,78,62,231,N,31,43,73,59,206,0.704545455,0.914893617,0.935897436,0.951612903,0.891774892
269,1,51a,KO,2:02:00,2:39:00,3:00:00,0:37:00,0:21:00,50,83,57,26,216,N,43,77,44,22,186,0.86,0.927710843,0.771929825,0.846153846,0.861111111
270,1,51a,CyO,2:18:00,3:59:00,4:18:00,1:41:00,0:19:00,54,23,19,0,96,N,13,3,0,0,16,0.240740741,0.130434783,0,NA,0.166666667
271,1,51a,KO,2:02:00,2:12:00,2:30:00,0:10:00,0:18:00,47,57,55,42,201,N,25,52,37,34,148,0.531914894,0.912280702,0.672727273,0.80952381,0.736318408
272,1,51a,KO,2:01:00,2:12:00,2:30:00,0:11:00,0:18:00,61,72,88,75,296,Y,53,69,84,56,262,0.868852459,0.958333333,0.954545455,0.746666667,0.885135135
273,1,51a,KO,2:02:00,2:38:00,2:52:00,0:36:00,0:14:00,51,83,90,74,293,N,43,80,84,74,281,0.843137255,0.963855422,0.933333333,1,0.959044369
274,1,51a,CyO,2:18:00,2:38:00,2:55:00,0:20:00,0:17:00,35,70,83,64,252,N,27,69,74,55,225,0.771428571,0.985714286,0.891566265,0.859375,0.892857143
275,1,51a,KO,2:01:00,2:38:00,2:55:00,0:37:00,0:17:00,59,76,61,43,239,Y,44,76,32,20,172,0.745762712,1,0.524590164,0.465116279,0.719665272
276,1,51a,CyO,2:17:00,2:38:00,2:50:00,0:21:00,0:12:00,36,65,73,51,225,N,29,64,70,49,212,0.805555556,0.984615385,0.95890411,0.960784314,0.942222222
277,1,51a,CyO,2:18:00,3:16:00,3:34:00,0:58:00,0:18:00,32,33,71,51,187,N,20,30,57,42,149,0.625,0.909090909,0.802816901,0.823529412,0.796791444
278,1,51a,KO,2:01:00,2:53:00,3:08:00,0:52:00,0:15:00,51,58,59,60,228,Y,42,57,56,55,210,0.823529412,0.982758621,0.949152542,0.916666667,0.921052632
279,1,51a,KO,2:01:00,2:22:00,2:39:00,0:21:00,0:17:00,48,93,106,82,329,N,45,89,96,73,303,0.9375,0.956989247,0.905660377,0.890243902,0.920972644
280,1,51a,CyO,2:17:00,2:31:00,2:44:00,0:14:00,0:13:00,39,45,59,65,208,N,30,41,57,62,190,0.769230769,0.911111111,0.966101695,0.953846154,0.913461538
281,1,51a,CyO,2:13:00,2:39:00,3:00:00,0:26:00,0:21:00,59,88,75,13,235,Y,49,86,62,10,207,0.830508475,0.977272727,0.826666667,0.769230769,0.880851064
282,1,51a,CyO,2:13:00,2:38:00,2:55:00,0:25:00,0:17:00,53,90,94,66,303,N,45,87,89,49,270,0.849056604,0.966666667,0.946808511,0.742424242,0.891089109
283,1,51a,CyO,2:13:00,2:38:00,2:52:00,0:25:00,0:14:00,43,47,50,44,184,N,28,43,47,41,159,0.651162791,0.914893617,0.94,0.931818182,0.864130435
284,1,51a,KO,1:56:00,2:39:00,3:01:00,0:43:00,0:22:00,47,65,51,7,170,Y,35,61,46,4,146,0.744680851,0.938461538,0.901960784,0.571428571,0.858823529
285,1,51a,KO,1:56:00,2:39:00,2:53:00,0:43:00,0:14:00,42,70,87,70,269,N,26,68,83,66,243,0.619047619,0.971428571,0.954022989,0.942857143,0.903345725
286,1,51a,CyO,2:09:00,2:40:00,3:01:00,0:31:00,0:21:00,46,25,75,36,182,N,44,24,71,34,173,0.956521739,0.96,0.946666667,0.944444444,0.950549451
287,1,51a,KO,1:56:00,2:39:00,3:00:00,0:43:00,0:21:00,46,68,80,56,250,N,40,64,70,39,213,0.869565217,0.941176471,0.875,0.696428571,0.852
288,1,51a,KO,1:56:00,3:00:00,3:22:00,1:04:00,0:22:00,21,20,35,30,106,N,0,10,5,2,17,0,0.5,0.142857143,0.066666667,0.160377358
289,1,51a,CyO,2:08:00,2:39:00,3:00:00,0:31:00,0:21:00,82,92,103,50,327,N,54,88,98,33,273,0.658536585,0.956521739,0.951456311,0.66,0.834862385
290,1,51a,CyO,2:04:00,2:27:00,2:44:00,0:23:00,0:17:00,56,85,86,74,301,N,41,76,80,63,260,0.732142857,0.894117647,0.930232558,0.851351351,0.863787375
291,1,51a,CyO,2:08:00,2:31:00,2:44:00,0:23:00,0:13:00,66,86,91,78,321,N,57,81,86,72,296,0.863636364,0.941860465,0.945054945,0.923076923,0.92211838
292,1,51a,CyO,2:03:00,2:31:00,2:52:00,0:28:00,0:21:00,50,89,92,54,285,Y,43,86,84,32,245,0.86,0.966292135,0.913043478,0.592592593,0.859649123
293,1,51a,KO,2:20:00,2:39:00,2:59:00,0:19:00,0:20:00,40,70,78,41,229,N,37,68,70,19,194,0.925,0.971428571,0.897435897,0.463414634,0.847161572
294,1,51a,KO,1:55:00,2:39:00,3:00:00,0:44:00,0:21:00,56,81,96,79,312,N,39,79,96,73,287,0.696428571,0.975308642,1,0.924050633,0.919871795
295,1,51a,CyO,2:03:00,2:55:00,3:08:00,0:52:00,0:13:00,43,86,72,74,275,N,36,82,68,67,253,0.837209302,0.953488372,0.944444444,0.905405405,0.92
296,1,51a,CyO,2:03:00,2:51:00,3:08:00,0:48:00,0:17:00,57,86,95,79,317,Y,47,85,88,68,288,0.824561404,0.988372093,0.926315789,0.860759494,0.90851735
297,1,51a,KO,2:12:00,2:40:00,2:59:00,0:28:00,0:19:00,60,100,119,36,315,N,38,98,100,7,243,0.633333333,0.98,0.840336134,0.194444444,0.771428571
298,1,51a,CyO,2:04:00,3:08:00,3:28:00,1:04:00,0:20:00,80,96,103,59,338,Y,53,92,96,36,277,0.6625,0.958333333,0.932038835,0.610169492,0.819526627
299,1,51a,KO,2:20:00,2:44:00,3:08:00,0:24:00,0:24:00,55,71,85,72,283,N,29,51,76,68,224,0.527272727,0.718309859,0.894117647,0.944444444,0.791519435
300,1,51a,KO,2:12:00,2:44:00,3:08:00,0:32:00,0:24:00,58,6,0,0,64,Y,55,6,0,0,61,0.948275862,1,NA,NA,0.953125
301,1,51a,KO,2:12:00,2:39:00,2:59:00,0:27:00,0:20:00,21,64,67,59,211,N,20,64,63,52,199,0.952380952,1,0.940298507,0.881355932,0.943127962
302,1,51a,KO,2:12:00,2:44:00,2:59:00,0:32:00,0:15:00,65,85,112,85,347,N,40,82,110,71,303,0.615384615,0.964705882,0.982142857,0.835294118,0.873198847
303,1,51a,KO,2:11:00,2:15:00,2:30:00,0:04:00,0:15:00,59,71,39,3,172,Y,51,67,31,1,150,0.86440678,0.943661972,0.794871795,0.333333333,0.872093023
304,1,51a,CyO,1:59:00,2:31:00,2:52:00,0:32:00,0:21:00,61,68,81,60,270,N,50,61,67,38,216,0.819672131,0.897058824,0.827160494,0.633333333,0.8
305,1,51a,CyO,1:59:00,2:22:00,2:38:00,0:23:00,0:16:00,29,0,0,0,29,Y,19,0,0,0,19,0.655172414,NA,NA,NA,0.655172414
306,1,51a,KO,2:06:00,2:40:00,2:59:00,0:34:00,0:19:00,81,87,99,41,308,Y,65,83,88,12,248,0.802469136,0.954022989,0.888888889,0.292682927,0.805194805
307,1,51a,KO,2:05:00,2:40:00,2:54:00,0:35:00,0:14:00,56,60,65,52,233,N,24,59,60,43,186,0.428571429,0.983333333,0.923076923,0.826923077,0.798283262
308,1,51a,KO,2:06:00,2:40:00,2:54:00,0:34:00,0:14:00,46,69,92,73,280,N,37,68,90,71,266,0.804347826,0.985507246,0.97826087,0.97260274,0.95
309,1,51a,KO,2:06:00,2:54:00,3:07:00,0:48:00,0:13:00,16,43,64,50,173,N,15,41,56,43,155,0.9375,0.953488372,0.875,0.86,0.895953757
310,1,51a,KO,2:11:00,2:40:00,2:54:00,0:29:00,0:14:00,35,36,51,61,183,N,28,35,51,60,174,0.8,0.972222222,1,0.983606557,0.950819672
311,1,51a,CyO,2:00:00,3:59:00,4:18:00,1:59:00,0:19:00,50,87,96,60,293,N,45,85,87,46,263,0.9,0.977011494,0.90625,0.766666667,0.897610922
312,1,51a,KO,2:12:00,2:39:00,2:54:00,0:27:00,0:15:00,85,91,120,62,358,Y,67,85,106,37,295,0.788235294,0.934065934,0.883333333,0.596774194,0.824022346
313,1,51a,KO,2:12:00,2:39:00,2:53:00,0:27:00,0:14:00,48,77,91,70,286,N,39,75,82,56,252,0.8125,0.974025974,0.901098901,0.8,0.881118881
314,1,51a,KO,2:05:00,2:40:00,2:54:00,0:35:00,0:14:00,13,14,26,8,61,N,12,13,26,8,59,0.923076923,0.928571429,1,1,0.967213115
315,1,51a,CyO,2:08:00,2:38:00,2:52:00,0:30:00,0:14:00,35,29,46,40,150,N,28,29,45,35,137,0.8,1,0.97826087,0.875,0.913333333
316,1,51a,CyO,1:58:00,2:38:00,2:52:00,0:40:00,0:14:00,73,97,104,65,339,N,55,94,89,35,273,0.753424658,0.969072165,0.855769231,0.538461538,0.805309735
317,1,51a,KO,2:06:00,2:40:00,2:54:00,0:34:00,0:14:00,31,63,81,66,241,N,27,60,75,62,224,0.870967742,0.952380952,0.925925926,0.939393939,0.929460581
318,1,51a,CyO,2:08:00,2:31:00,2:52:00,0:23:00,0:21:00,47,63,66,15,191,Y,42,61,54,0,157,0.893617021,0.968253968,0.818181818,0,0.821989529
319,1,56i,KO,NA,NA,NA,NA,NA,61,94,88,63,306,N,59,91,85,58,293,0.967213115,0.968085106,0.965909091,0.920634921,0.95751634
320,1,56i,KO,NA,NA,NA,NA,NA,58,76,79,57,270,N,58,70,77,54,259,1,0.921052632,0.974683544,0.947368421,0.959259259
321,1,56i,CyO,NA,NA,NA,NA,NA,1,0,0,0,1,Y,0,0,0,0,0,0,NA,NA,NA,0
322,1,56i,KO,NA,NA,NA,NA,NA,68,112,98,19,297,N,61,105,86,3,255,0.897058824,0.9375,0.87755102,0.157894737,0.858585859
323,1,56i,CyO,NA,NA,NA,NA,NA,77,66,90,45,278,N,61,60,89,43,253,0.792207792,0.909090909,0.988888889,0.955555556,0.910071942
324,1,56i,CyO,NA,NA,NA,NA,NA,31,0,0,0,31,Y,24,0,0,0,24,0.774193548,NA,NA,NA,0.774193548
325,1,56i,CyO,NA,NA,NA,NA,NA,0,0,0,0,0,N,0,0,0,0,0,NA,NA,NA,NA,NA
326,1,56i,KO,NA,NA,NA,NA,NA,89,99,96,60,344,N,45,93,89,57,284,0.505617978,0.939393939,0.927083333,0.95,0.825581395
327,1,56i,CyO,NA,NA,NA,NA,NA,55,103,104,66,328,N,51,99,102,64,316,0.927272727,0.961165049,0.980769231,0.96969697,0.963414634
328,1,56i,CyO,NA,NA,NA,NA,NA,76,94,94,57,321,N,74,86,90,54,304,0.973684211,0.914893617,0.957446809,0.947368421,0.947040498
329,1,56i,KO,NA,NA,NA,NA,NA,69,105,88,58,320,N,63,105,88,56,312,0.913043478,1,1,0.965517241,0.975
330,1,56i,KO,NA,NA,NA,NA,NA,0,0,0,0,0,Y,0,0,0,0,0,NA,NA,NA,NA,NA
331,1,56i,CyO,NA,NA,NA,NA,NA,63,80,95,50,288,N,59,75,92,48,274,0.936507937,0.9375,0.968421053,0.96,0.951388889
332,1,56i,KO,NA,NA,NA,NA,NA,0,0,0,0,0,Y,0,0,0,0,0,NA,NA,NA,NA,NA
333,1,56i,KO,NA,NA,NA,NA,NA,0,0,0,0,0,N,0,0,0,0,0,NA,NA,NA,NA,NA
334,1,56i,KO,NA,NA,NA,NA,NA,98,72,62,12,244,N,90,70,26,9,195,0.918367347,0.972222222,0.419354839,0.75,0.799180328
335,1,56i,KO,NA,NA,NA,NA,NA,69,102,82,8,261,Y,63,93,47,4,207,0.913043478,0.911764706,0.573170732,0.5,0.793103448
336,1,56i,KO,NA,NA,NA,NA,NA,99,118,98,37,352,Y,NA,NA,NA,NA,NA,NA,NA,NA,NA,NA
337,1,56i,CyO,NA,NA,NA,NA,NA,67,86,88,51,292,N,NA,NA,NA,NA,NA,NA,NA,NA,NA,NA
338,1,56i,KO,NA,NA,NA,NA,NA,77,97,82,55,311,N,72,93,82,52,299,0.935064935,0.958762887,1,0.945454545,0.961414791
339,1,56i,KO,NA,NA,NA,NA,NA,60,60,58,43,221,N,52,57,54,41,204,0.866666667,0.95,0.931034483,0.953488372,0.923076923
340,1,56i,CyO,NA,NA,NA,NA,NA,0,0,0,0,0,Y,0,0,0,0,0,NA,NA,NA,NA,NA
341,1,56i,KO,NA,NA,NA,NA,NA,62,87,88,59,296,N,61,80,85,58,284,0.983870968,0.91954023,0.965909091,0.983050847,0.959459459
342,1,56i,CyO,NA,NA,NA,NA,NA,58,81,93,59,291,N,49,80,87,56,272,0.844827586,0.987654321,0.935483871,0.949152542,0.934707904
343,1,56i,CyO,NA,NA,NA,NA,NA,70,107,91,70,338,N,64,105,86,70,325,0.914285714,0.981308411,0.945054945,1,0.961538462
344,1,56i,CyO,NA,NA,NA,NA,NA,61,58,53,38,210,N,56,54,48,33,191,0.918032787,0.931034483,0.905660377,0.868421053,0.90952381
345,1,56i,CyO,NA,NA,NA,NA,NA,58,92,94,43,287,N,58,83,89,39,269,1,0.902173913,0.946808511,0.906976744,0.93728223
346,1,56i,KO,NA,NA,NA,NA,NA,54,63,52,25,194,N,37,44,41,13,135,0.685185185,0.698412698,0.788461538,0.52,0.695876289
347,1,56i,CyO,NA,NA,NA,NA,NA,91,101,95,55,342,N,88,95,85,50,318,0.967032967,0.940594059,0.894736842,0.909090909,0.929824561
348,1,56i,CyO,NA,NA,NA,NA,NA,82,100,85,50,317,N,78,98,78,50,304,0.951219512,0.98,0.917647059,1,0.958990536
349,1,56i,KO,NA,NA,NA,NA,NA,38,66,57,19,180,N,38,64,57,18,177,1,0.96969697,1,0.947368421,0.983333333
350,1,56i,CyO,NA,NA,NA,NA,NA,77,87,90,61,315,N,71,84,81,52,288,0.922077922,0.965517241,0.9,0.852459016,0.914285714
351,1,56i,CyO,NA,NA,NA,NA,NA,63,70,77,44,254,N,61,67,73,42,243,0.968253968,0.957142857,0.948051948,0.954545455,0.956692913
352,1,56i,CyO,NA,NA,NA,NA,NA,66,72,53,34,225,N,57,63,48,33,201,0.863636364,0.875,0.905660377,0.970588235,0.893333333
353,1,56i,KO,NA,NA,NA,NA,NA,68,98,88,54,308,N,66,96,86,51,299,0.970588235,0.979591837,0.977272727,0.944444444,0.970779221
354,1,56i,KO,NA,NA,NA,NA,NA,81,106,103,71,361,N,66,105,102,68,341,0.814814815,0.990566038,0.990291262,0.957746479,0.944598338
355,1,56i,KO,NA,NA,NA,NA,NA,0,0,0,0,0,Y,0,0,0,0,0,NA,NA,NA,NA,NA
356,1,56i,CyO,NA,NA,NA,NA,NA,71,106,103,20,300,N,67,95,91,9,262,0.943661972,0.896226415,0.883495146,0.45,0.873333333
357,1,56i,CyO,NA,NA,NA,NA,NA,58,82,80,60,280,N,57,77,74,NA,208,0.982758621,0.93902439,0.925,NA,0.742857143
358,1,56i,CyO,NA,NA,NA,NA,NA,77,69,58,37,241,N,68,63,53,31,215,0.883116883,0.913043478,0.913793103,0.837837838,0.892116183
359,1,56i,KO,NA,NA,NA,NA,NA,70,87,87,56,300,N,66,86,87,54,293,0.942857143,0.988505747,1,0.964285714,0.976666667
360,1,56i,CyO,NA,NA,NA,NA,NA,63,81,88,49,281,N,NA,NA,NA,NA,NA,NA,NA,NA,NA,NA
361,1,56i,CyO,NA,NA,NA,NA,NA,56,74,55,38,223,Y,25,71,48,32,176,0.446428571,0.959459459,0.872727273,0.842105263,0.789237668
362,1,56i,KO,NA,NA,NA,NA,NA,76,103,93,55,327,N,68,97,90,51,306,0.894736842,0.941747573,0.967741935,0.927272727,0.935779817
363,1,56i,KO,NA,NA,NA,NA,NA,91,105,79,8,283,Y,64,72,47,2,185,0.703296703,0.685714286,0.594936709,0.25,0.653710247
364,1,56i,CyO,NA,NA,NA,NA,NA,78,83,79,40,280,Y,76,80,73,37,266,0.974358974,0.963855422,0.924050633,0.925,0.95
365,1,56i,KO,NA,NA,NA,NA,NA,99,107,66,33,305,N,47,103,51,17,218,0.474747475,0.962616822,0.772727273,0.515151515,0.714754098
366,1,56i,KO,NA,NA,NA,NA,NA,0,0,0,0,0,Y,0,0,0,0,0,NA,NA,NA,NA,NA
367,1,56i,KO,NA,NA,NA,NA,NA,29,74,73,33,209,N,18,65,68,32,183,0.620689655,0.878378378,0.931506849,0.96969697,0.875598086
368,1,56i,KO,NA,NA,NA,NA,NA,88,102,71,16,277,Y,NA,NA,NA,NA,NA,NA,NA,NA,NA,NA
369,1,56i,KO,NA,NA,NA,NA,NA,90,101,100,62,353,N,86,101,94,53,334,0.955555556,1,0.94,0.85483871,0.946175637
370,1,56i,CyO,NA,NA,NA,NA,NA,89,97,99,14,299,Y,84,93,82,2,261,0.943820225,0.958762887,0.828282828,0.142857143,0.872909699
371,1,56i,CyO,NA,NA,NA,NA,NA,46,13,3,0,62,Y,NA,NA,NA,NA,NA,NA,NA,NA,NA,NA
372,1,56i,CyO,NA,NA,NA,NA,NA,111,109,57,7,284,Y,104,107,44,5,260,0.936936937,0.981651376,0.771929825,0.714285714,0.915492958
373,1,56i,CyO,NA,NA,NA,NA,NA,92,69,78,14,253,N,86,65,72,14,237,0.934782609,0.942028986,0.923076923,1,0.936758893
374,1,56i,KO,NA,NA,NA,NA,NA,48,48,64,37,197,N,NA,NA,NA,NA,NA,NA,NA,NA,NA,NA
375,1,56i,CyO,NA,NA,NA,NA,NA,69,72,52,35,228,Y,66,69,43,11,189,0.956521739,0.958333333,0.826923077,0.314285714,0.828947368
376,1,56i,KO,NA,NA,NA,NA,NA,89,103,100,61,353,N,82,97,96,61,336,0.921348315,0.941747573,0.96,1,0.95184136
377,1,56f,KO,1:11:00,2:01:00,2:11:00,0:50:00,0:10:00,45,79,84,45,253,N,43,72,79,39,233,0.955555556,0.911392405,0.94047619,0.866666667,0.920948617
378,1,56f,CyO,1:17:00,2:03:00,2:13:00,0:46:00,0:10:00,43,86,94,93,316,Y,43,83,88,84,298,1,0.965116279,0.936170213,0.903225806,0.943037975
379,1,56f,CyO,1:17:00,1:24:00,1:46:00,0:07:00,0:22:00,45,55,55,53,208,Y,41,48,53,49,191,0.911111111,0.872727273,0.963636364,0.924528302,0.918269231
380,1,56f,KO,1:11:00,1:49:00,2:11:00,0:38:00,0:22:00,8,0,10,0,18,Y,0,0,0,0,0,0,NA,0,NA,0
381,1,56f,KO,1:15:00,3:16:00,3:39:00,2:01:00,0:23:00,27,71,98,93,289,N,27,71,94,88,280,1,1,0.959183673,0.946236559,0.968858131
382,1,56f,KO,1:15:00,2:41:00,3:01:00,1:26:00,0:20:00,50,61,78,79,268,N,46,61,78,77,262,0.92,1,1,0.974683544,0.97761194
383,1,56f,CyO,1:17:00,3:45:00,4:18:00,2:28:00,0:33:00,53,77,92,92,314,N,38,75,86,83,282,0.716981132,0.974025974,0.934782609,0.902173913,0.898089172
384,1,56f,KO,1:15:00,2:01:00,2:11:00,0:46:00,0:10:00,68,87,88,92,335,N,63,85,85,88,321,0.926470588,0.977011494,0.965909091,0.956521739,0.958208955
385,1,56f,KO,1:19:00,1:46:00,2:11:00,0:27:00,0:25:00,56,55,50,53,214,N,33,42,28,34,137,0.589285714,0.763636364,0.56,0.641509434,0.640186916
386,1,56f,CyO,1:18:00,1:48:00,2:13:00,0:30:00,0:25:00,46,52,49,20,167,Y,40,52,43,16,151,0.869565217,1,0.87755102,0.8,0.904191617
387,1,56f,KO,1:19:00,2:36:00,2:54:00,1:17:00,0:18:00,23,22,43,38,126,N,17,22,40,20,99,0.739130435,1,0.930232558,0.526315789,0.785714286
388,1,56f,KO,1:19:00,1:44:00,2:05:00,0:25:00,0:21:00,45,35,61,58,199,Y,41,34,54,47,176,0.911111111,0.971428571,0.885245902,0.810344828,0.884422111
389,1,56f,KO,1:20:00,2:01:00,2:18:00,0:41:00,0:17:00,45,80,100,93,318,N,43,79,96,82,300,0.955555556,0.9875,0.96,0.88172043,0.943396226
390,1,56f,CyO,1:18:00,1:43:00,2:04:00,0:25:00,0:21:00,45,66,95,98,304,Y,39,64,93,95,291,0.866666667,0.96969697,0.978947368,0.969387755,0.957236842
391,1,56f,CyO,1:22:00,1:43:00,2:04:00,0:21:00,0:21:00,53,89,97,57,296,N,51,89,93,42,275,0.962264151,1,0.958762887,0.736842105,0.929054054
392,1,56f,CyO,1:22:00,2:04:00,2:21:00,0:42:00,0:17:00,35,64,71,61,231,N,33,64,67,58,222,0.942857143,1,0.943661972,0.950819672,0.961038961
393,1,56f,CyO,1:22:00,1:48:00,2:13:00,0:26:00,0:25:00,49,86,92,63,290,Y,45,82,87,44,258,0.918367347,0.953488372,0.945652174,0.698412698,0.889655172
394,1,56f,KO,1:29:00,2:47:00,3:10:00,1:18:00,0:23:00,35,54,64,55,208,N,35,50,63,44,192,1,0.925925926,0.984375,0.8,0.923076923
395,1,56f,CyO,1:12:00,1:41:00,2:04:00,0:29:00,0:23:00,28,35,39,50,152,N,19,30,20,31,100,0.678571429,0.857142857,0.512820513,0.62,0.657894737
396,1,56f,KO,1:28:00,4:18:00,4:37:00,2:50:00,0:19:00,45,83,95,69,292,Y,44,82,89,65,280,0.977777778,0.987951807,0.936842105,0.942028986,0.95890411
397,1,56f,KO,1:24:00,2:01:00,2:20:00,0:37:00,0:19:00,56,80,84,83,303,N,48,78,81,76,283,0.857142857,0.975,0.964285714,0.915662651,0.933993399
398,1,56f,KO,1:24:00,1:46:00,2:11:00,0:22:00,0:25:00,36,77,90,83,286,N,35,74,90,80,279,0.972222222,0.961038961,1,0.963855422,0.975524476
399,1,56f,KO,1:20:00,1:50:00,2:11:00,0:30:00,0:21:00,50,85,89,88,312,N,42,83,87,85,297,0.84,0.976470588,0.97752809,0.965909091,0.951923077
400,1,56f,CyO,1:12:00,2:03:00,2:13:00,0:51:00,0:10:00,52,81,58,89,280,N,47,75,49,57,228,0.903846154,0.925925926,0.844827586,0.640449438,0.814285714
401,1,56f,CyO,1:13:00,2:36:00,2:54:00,1:23:00,0:18:00,48,67,83,75,273,N,45,67,81,60,253,0.9375,1,0.975903614,0.8,0.926739927
402,1,56f,CyO,1:13:00,1:49:00,2:01:00,0:36:00,0:12:00,58,70,89,68,285,N,51,69,86,64,270,0.879310345,0.985714286,0.966292135,0.941176471,0.947368421
403,1,56f,CyO,1:13:00,1:38:00,2:03:00,0:25:00,0:25:00,68,30,15,16,129,Y,65,29,15,14,123,0.955882353,0.966666667,1,0.875,0.953488372
404,1,56f,KO,1:29:00,2:01:00,2:17:00,0:32:00,0:16:00,45,86,96,92,319,N,45,78,94,85,302,1,0.906976744,0.979166667,0.923913043,0.946708464
405,1,56f,CyO,1:13:00,3:10:00,3:30:00,1:57:00,0:20:00,45,52,38,13,148,N,44,50,31,1,126,0.977777778,0.961538462,0.815789474,0.076923077,0.851351351
406,1,56f,KO,1:29:00,2:01:00,2:17:00,0:32:00,0:16:00,51,82,92,79,304,N,49,81,92,78,300,0.960784314,0.987804878,1,0.987341772,0.986842105
407,1,56f,CyO,1:14:00,2:30:00,2:54:00,1:16:00,0:24:00,40,55,84,66,245,N,40,55,80,64,239,1,1,0.952380952,0.96969697,0.975510204
408,1,56f,CyO,1:22:00,1:45:00,2:01:00,0:23:00,0:16:00,46,94,91,82,313,N,44,94,80,48,266,0.956521739,1,0.879120879,0.585365854,0.849840256
409,1,56f,KO,1:29:00,2:11:00,2:36:00,0:42:00,0:25:00,50,83,97,87,317,N,48,83,97,85,313,0.96,1,1,0.977011494,0.987381703
410,1,56f,CyO,1:22:00,2:01:00,2:24:00,0:39:00,0:23:00,52,80,80,68,280,N,52,80,77,42,251,1,1,0.9625,0.617647059,0.896428571
411,1,56f,CyO,1:25:00,3:30:00,3:45:00,2:05:00,0:15:00,51,79,85,82,297,N,45,76,83,76,280,0.882352941,0.962025316,0.976470588,0.926829268,0.942760943
412,1,56f,KO,1:29:00,2:06:00,2:26:00,0:37:00,0:20:00,58,86,97,89,330,N,57,85,95,89,326,0.982758621,0.988372093,0.979381443,1,0.987878788
413,1,56f,CyO,1:25:00,2:30:00,2:54:00,1:05:00,0:24:00,56,99,99,86,340,N,54,99,97,67,317,0.964285714,1,0.97979798,0.779069767,0.932352941
414,1,56f,KO,1:30:00,3:16:00,3:39:00,1:46:00,0:23:00,49,83,97,85,314,N,47,82,95,85,309,0.959183673,0.987951807,0.979381443,1,0.984076433
415,1,56f,KO,1:32:00,1:49:00,2:14:00,0:17:00,0:25:00,61,99,81,78,319,N,57,90,80,76,303,0.93442623,0.909090909,0.987654321,0.974358974,0.94984326
416,1,56f,CyO,1:26:00,1:47:00,2:13:00,0:21:00,0:26:00,53,92,96,94,335,N,50,92,92,85,319,0.943396226,1,0.958333333,0.904255319,0.952238806
417,1,56f,KO,1:32:00,2:24:00,2:47:00,0:52:00,0:23:00,66,87,93,82,328,N,64,87,92,81,324,0.96969697,1,0.989247312,0.987804878,0.987804878
418,1,56f,KO,1:32:00,1:51:00,2:14:00,0:19:00,0:23:00,59,87,92,81,319,N,56,87,89,77,309,0.949152542,1,0.967391304,0.950617284,0.968652038
419,1,56f,KO,1:32:00,2:06:00,2:24:00,0:34:00,0:18:00,61,86,93,88,328,N,58,82,88,81,309,0.950819672,0.953488372,0.946236559,0.920454545,0.942073171
420,1,56f,CyO,1:26:00,3:39:00,4:01:00,2:13:00,0:22:00,42,48,66,53,209,N,35,39,61,39,174,0.833333333,0.8125,0.924242424,0.735849057,0.832535885
421,1,56f,CyO,1:26:00,2:30:00,2:54:00,1:04:00,0:24:00,61,96,87,88,332,N,59,96,85,79,319,0.967213115,1,0.977011494,0.897727273,0.960843373
422,1,56f,KO,1:33:00,2:01:00,2:16:00,0:28:00,0:15:00,46,88,81,78,293,Y,37,85,80,51,253,0.804347826,0.965909091,0.987654321,0.653846154,0.863481229
423,1,56f,CyO,1:26:00,1:47:00,2:13:00,0:21:00,0:26:00,57,102,98,87,344,N,55,101,93,79,328,0.964912281,0.990196078,0.948979592,0.908045977,0.953488372
424,1,56f,KO,1:33:00,2:01:00,2:16:00,0:28:00,0:15:00,4,1,0,0,5,N,4,1,0,0,5,1,1,NA,NA,1
425,1,56f,CyO,1:26:00,3:10:00,3:30:00,1:44:00,0:20:00,56,85,90,89,320,N,53,80,89,84,306,0.946428571,0.941176471,0.988888889,0.943820225,0.95625
426,1,56f,CyO,1:27:00,2:36:00,2:54:00,1:09:00,0:18:00,42,83,90,90,305,N,42,83,90,83,298,1,1,1,0.922222222,0.97704918
427,1,56f,CyO,1:31:00,1:51:00,2:13:00,0:20:00,0:22:00,57,90,88,88,323,N,57,90,84,88,319,1,1,0.954545455,1,0.987616099
428,1,56f,CyO,1:31:00,3:16:00,3:30:00,1:45:00,0:14:00,54,76,93,84,307,N,51,76,88,80,295,0.944444444,1,0.946236559,0.952380952,0.960912052
429,1,56f,KO,1:33:00,4:01:00,4:18:00,2:28:00,0:17:00,63,116,108,62,349,N,55,114,106,45,320,0.873015873,0.982758621,0.981481481,0.725806452,0.916905444
430,1,56f,KO,1:33:00,2:11:00,2:36:00,0:38:00,0:25:00,72,94,114,85,365,N,64,92,106,74,336,0.888888889,0.978723404,0.929824561,0.870588235,0.920547945
431,1,56f,CyO,1:31:00,1:51:00,2:13:00,0:20:00,0:22:00,57,77,101,83,318,N,56,76,101,79,312,0.98245614,0.987012987,1,0.951807229,0.981132075
432,1,56e,CyO,2:17:00,6:59:00,7:36:00,4:42:00,0:37:00,51,83,82,56,272,N,37,70,61,44,212,0.725490196,0.843373494,0.743902439,0.785714286,0.779411765
433,1,56e,CyO,2:17:00,6:59:00,7:18:00,4:42:00,0:19:00,56,69,59,48,232,N,50,59,57,43,209,0.892857143,0.855072464,0.966101695,0.895833333,0.900862069
434,1,56e,KO,2:20:00,4:17:00,4:32:00,1:57:00,0:15:00,67,106,104,71,348,N,62,100,103,66,331,0.925373134,0.943396226,0.990384615,0.929577465,0.951149425
435,1,56e,CyO,2:17:00,5:31:00,5:49:00,3:14:00,0:18:00,66,78,100,63,307,N,63,76,98,61,298,0.954545455,0.974358974,0.98,0.968253968,0.970684039
436,1,56e,KO,2:20:00,4:10:00,4:32:00,1:50:00,0:22:00,85,95,105,77,362,N,59,93,99,68,319,0.694117647,0.978947368,0.942857143,0.883116883,0.88121547
437,1,56e,KO,2:20:00,3:54:00,4:10:00,1:34:00,0:16:00,75,98,95,73,341,N,74,95,91,65,325,0.986666667,0.969387755,0.957894737,0.890410959,0.953079179
438,1,56e,KO,2:20:00,3:36:00,3:54:00,1:16:00,0:18:00,39,52,40,34,165,N,28,52,36,31,147,0.717948718,1,0.9,0.911764706,0.890909091
439,1,56e,KO,2:21:00,4:40:00,4:59:00,2:19:00,0:19:00,54,67,74,44,239,N,53,67,74,42,236,0.981481481,1,1,0.954545455,0.987447699
440,1,56e,CyO,2:18:00,4:12:00,4:25:00,1:54:00,0:13:00,65,89,81,62,297,N,60,87,80,58,285,0.923076923,0.97752809,0.987654321,0.935483871,0.95959596
441,1,56e,KO,2:24:00,3:15:00,3:29:00,0:51:00,0:14:00,78,54,60,48,240,N,74,50,56,39,219,0.948717949,0.925925926,0.933333333,0.8125,0.9125
442,1,56e,CyO,2:18:00,3:12:00,3:26:00,0:54:00,0:14:00,103,75,90,65,333,N,96,74,80,59,309,0.932038835,0.986666667,0.888888889,0.907692308,0.927927928
443,1,56e,KO,2:24:00,3:29:00,3:54:00,1:05:00,0:25:00,0,0,0,0,0,Y,0,0,0,0,0,NA,NA,NA,NA,NA
444,1,56e,KO,2:25:00,3:26:00,3:44:00,1:01:00,0:18:00,42,99,88,36,265,N,40,97,87,32,256,0.952380952,0.97979798,0.988636364,0.888888889,0.966037736
445,1,56e,KO,2:29:00,5:49:00,6:11:00,3:20:00,0:22:00,52,96,93,78,319,N,49,95,93,76,313,0.942307692,0.989583333,1,0.974358974,0.981191223
446,1,56e,KO,2:29:00,7:18:00,7:36:00,4:49:00,0:18:00,37,57,105,61,260,N,33,56,104,60,253,0.891891892,0.98245614,0.99047619,0.983606557,0.973076923
447,1,56e,CyO,2:26:00,3:01:00,3:16:00,0:35:00,0:15:00,33,99,81,57,270,N,32,98,78,53,261,0.96969697,0.98989899,0.962962963,0.929824561,0.966666667
448,1,56e,CyO,2:26:00,4:17:00,4:40:00,1:51:00,0:23:00,38,105,108,76,327,N,36,102,103,66,307,0.947368421,0.971428571,0.953703704,0.868421053,0.93883792
449,1,56e,KO,2:29:00,6:30:00,6:45:00,4:01:00,0:15:00,62,111,108,78,359,Y,57,102,103,56,318,0.919354839,0.918918919,0.953703704,0.717948718,0.885793872
450,1,56e,CyO,2:27:00,3:54:00,4:10:00,1:27:00,0:16:00,40,97,90,60,287,N,33,92,84,55,264,0.825,0.948453608,0.933333333,0.916666667,0.919860627
451,1,56e,CyO,2:27:00,3:15:00,3:30:00,0:48:00,0:15:00,36,88,86,74,284,N,34,84,84,67,269,0.944444444,0.954545455,0.976744186,0.905405405,0.947183099
452,1,56e,KO,2:32:00,3:15:00,3:36:00,0:43:00,0:21:00,0,0,0,0,0,N,0,0,0,0,0,NA,NA,NA,NA,NA
453,1,56e,KO,2:35:00,3:26:00,3:44:00,0:51:00,0:18:00,0,0,0,0,0,N,0,0,0,0,0,NA,NA,NA,NA,NA
454,1,56e,KO,2:35:00,4:25:00,4:40:00,1:50:00,0:15:00,0,0,0,0,0,Y,0,0,0,0,0,NA,NA,NA,NA,NA
455,1,56e,KO,2:35:00,5:07:00,5:23:00,2:32:00,0:16:00,40,52,61,25,178,N,37,48,58,20,163,0.925,0.923076923,0.950819672,0.8,0.915730337
456,1,56e,CyO,2:27:00,4:48:00,4:59:00,2:21:00,0:11:00,35,87,88,75,285,N,32,87,88,73,280,0.914285714,1,1,0.973333333,0.98245614
457,1,56e,KO,2:38:00,4:32:00,4:50:00,1:54:00,0:18:00,22,1,7,5,35,Y,20,1,7,5,33,0.909090909,1,1,1,0.942857143
458,1,56e,KO,2:38:00,3:54:00,4:17:00,1:16:00,0:23:00,56,101,94,77,328,N,48,95,94,75,312,0.857142857,0.940594059,1,0.974025974,0.951219512
459,1,56e,CyO,2:31:00,7:18:00,7:30:00,4:47:00,0:12:00,71,95,75,46,287,Y,68,92,62,24,246,0.957746479,0.968421053,0.826666667,0.52173913,0.857142857
460,1,56e,CyO,2:32:00,5:07:00,5:17:00,2:35:00,0:10:00,69,100,92,62,323,N,59,98,86,57,300,0.855072464,0.98,0.934782609,0.919354839,0.92879257
461,1,56e,CyO,2:34:00,3:12:00,3:26:00,0:38:00,0:14:00,65,85,70,45,265,N,58,69,47,22,196,0.892307692,0.811764706,0.671428571,0.488888889,0.739622642
462,1,56e,CyO,2:34:00,2:45:00,3:01:00,0:11:00,0:16:00,25,10,29,15,79,N,25,10,29,15,79,1,1,1,1,1
463,1,56e,KO,2:42:00,4:40:00,5:07:00,1:58:00,0:27:00,91,102,92,40,325,N,86,97,85,25,293,0.945054945,0.950980392,0.923913043,0.625,0.901538462
464,1,56e,CyO,2:36:00,3:27:00,3:44:00,0:51:00,0:17:00,63,66,72,72,273,N,60,66,71,71,268,0.952380952,1,0.986111111,0.986111111,0.981684982
465,1,56e,CyO,2:36:00,4:09:00,4:32:00,1:33:00,0:23:00,38,31,60,60,189,Y,34,28,58,48,168,0.894736842,0.903225806,0.966666667,0.8,0.888888889
466,1,56e,KO,2:44:00,3:27:00,3:44:00,0:43:00,0:17:00,81,106,90,31,308,N,76,100,83,28,287,0.938271605,0.943396226,0.922222222,0.903225806,0.931818182
467,1,56e,CyO,2:40:00,3:29:00,3:44:00,0:49:00,0:15:00,64,80,88,76,308,N,61,76,84,74,295,0.953125,0.95,0.954545455,0.973684211,0.957792208
468,1,56e,CyO,2:40:00,5:36:00,5:49:00,2:56:00,0:13:00,43,98,78,74,293,N,41,95,75,64,275,0.953488372,0.969387755,0.961538462,0.864864865,0.938566553
469,1,56e,CyO,2:41:00,5:36:00,5:49:00,2:55:00,0:13:00,38,81,74,57,250,N,12,77,67,51,207,0.315789474,0.950617284,0.905405405,0.894736842,0.828
470,1,56e,CyO,2:41:00,3:44:00,3:54:00,1:03:00,0:10:00,36,68,98,55,257,N,35,68,91,48,242,0.972222222,1,0.928571429,0.872727273,0.941634241
471,1,56e,KO,2:42:00,6:11:00,6:24:00,3:29:00,0:13:00,54,90,61,66,271,N,53,83,61,63,260,0.981481481,0.922222222,1,0.954545455,0.959409594
472,1,56e,KO,2:43:00,4:59:00,5:15:00,2:16:00,0:16:00,31,33,34,27,125,N,30,33,34,27,124,0.967741935,1,1,1,0.992
473,1,8a,KO,11:20:00,14:29:00,14:56:00,3:09:00,0:27:00,30,30,37,19,114,N,26,30,36,19,111,0.866666667,1,0.972972973,1,0.973684211
474,1,8a,CyO,11:31:00,12:43:00,13:04:00,1:12:00,0:21:00,58,74,60,63,255,N,49,71,58,61,239,0.844827586,0.959459459,0.966666667,0.968253968,0.937254902
475,1,8a,CyO,11:31:00,11:45:00,12:07:00,0:14:00,0:22:00,52,71,66,55,244,N,52,67,64,51,234,1,0.943661972,0.96969697,0.927272727,0.959016393
476,1,8a,KO,11:20:00,12:22:00,12:43:00,1:02:00,0:21:00,41,59,56,43,199,N,40,55,53,41,189,0.975609756,0.93220339,0.946428571,0.953488372,0.949748744
477,1,8a,CyO,11:32:00,11:56:00,12:17:00,0:24:00,0:21:00,47,48,43,48,186,N,43,42,40,42,167,0.914893617,0.875,0.930232558,0.875,0.897849462
478,1,8a,CyO,11:30:00,12:17:00,12:39:00,0:47:00,0:22:00,18,29,40,43,130,N,17,25,35,38,115,0.944444444,0.862068966,0.875,0.88372093,0.884615385
479,1,8a,KO,11:20:00,11:56:00,12:17:00,0:36:00,0:21:00,20,16,25,32,93,N,20,16,25,32,93,1,1,1,1,1
480,1,8a,KO,11:16:00,12:05:00,12:29:00,0:49:00,0:24:00,45,60,71,60,236,N,43,56,65,58,222,0.955555556,0.933333333,0.915492958,0.966666667,0.940677966
481,1,8a,KO,11:20:00,13:04:00,13:24:00,1:44:00,0:20:00,55,74,78,68,275,N,53,72,74,67,266,0.963636364,0.972972973,0.948717949,0.985294118,0.967272727
482,1,8a,CyO,11:30:00,13:48:00,14:15:00,2:18:00,0:27:00,49,66,69,36,219,Y,47,66,69,23,205,0.959183673,1,1,0.638888889,0.936073059
483,1,8a,KO,11:20:00,14:36:00,14:56:00,3:16:00,0:20:00,54,85,83,64,286,N,48,84,82,51,265,0.888888889,0.988235294,0.987951807,0.796875,0.926573427
484,1,8a,CyO,11:14:00,13:28:00,13:55:00,2:14:00,0:27:00,57,76,66,61,260,N,57,71,63,59,250,1,0.934210526,0.954545455,0.967213115,0.961538462
485,1,8a,CyO,11:17:00,14:24:00,14:45:00,3:07:00,0:21:00,50,77,83,43,253,Y,42,71,56,10,179,0.84,0.922077922,0.674698795,0.23255814,0.707509881
486,1,8a,CyO,11:17:00,11:43:00,12:05:00,0:26:00,0:22:00,67,81,93,76,317,N,65,78,90,70,303,0.970149254,0.962962963,0.967741935,0.921052632,0.955835962
487,1,8a,CyO,11:14:00,11:50:00,12:05:00,0:36:00,0:15:00,47,74,55,28,204,N,45,69,11,0,125,0.957446809,0.932432432,0.2,0,0.612745098
488,1,8a,CyO,11:17:00,11:50:00,12:12:00,0:33:00,0:22:00,46,71,68,60,245,N,45,67,65,55,232,0.97826087,0.943661972,0.955882353,0.916666667,0.946938776
489,1,8a,KO,11:33:00,11:56:00,12:22:00,0:23:00,0:26:00,40,69,70,54,232,N,40,69,70,51,230,1,1,1,0.944444444,0.99137931
490,1,8a,CyO,11:14:00,11:41:00,11:56:00,0:27:00,0:15:00,54,35,41,33,163,N,44,29,38,28,139,0.814814815,0.828571429,0.926829268,0.848484848,0.852760736
491,1,8a,KO,11:33:00,11:43:00,12:07:00,0:10:00,0:24:00,55,82,73,73,280,N,55,75,66,67,263,1,0.914634146,0.904109589,0.917808219,0.939285714
492,1,8a,KO,11:15:00,14:56:00,15:21:00,3:41:00,0:25:00,51,74,66,55,246,N,48,73,62,54,237,0.941176471,0.986486486,0.939393939,0.981818182,0.963414634
493,1,8a,CyO,11:18:00,12:12:00,12:34:00,0:54:00,0:22:00,43,52,40,9,144,N,42,44,25,2,113,0.976744186,0.846153846,0.625,0.222222222,0.784722222
494,1,8a,KO,11:15:00,13:28:00,13:51:00,2:13:00,0:23:00,54,85,91,70,300,N,51,80,82,66,279,0.944444444,0.941176471,0.901098901,0.942857143,0.93
495,1,8a,KO,11:15:00,12:05:00,12:29:00,0:50:00,0:24:00,56,91,89,69,305,N,54,86,84,64,288,0.964285714,0.945054945,0.943820225,0.927536232,0.944262295
496,1,8a,KO,11:15:00,11:44:00,12:05:00,0:29:00,0:21:00,60,83,95,69,307,N,60,79,82,63,284,1,0.951807229,0.863157895,0.913043478,0.925081433
497,1,8a,CyO,11:14:00,11:39:00,11:56:00,0:25:00,0:17:00,43,60,47,38,188,Y,29,56,21,3,109,0.674418605,0.933333333,0.446808511,0.078947368,0.579787234
498,1,8a,CyO,11:18:00,11:50:00,12:05:00,0:32:00,0:15:00,57,75,64,50,246,N,57,73,56,16,202,1,0.973333333,0.875,0.32,0.821138211
499,1,8a,KO,11:23:00,12:00:00,12:22:00,0:37:00,0:22:00,57,83,84,72,296,N,54,81,76,69,280,0.947368421,0.975903614,0.904761905,0.958333333,0.945945946
500,1,8a,KO,11:16:00,12:39:00,13:04:00,1:23:00,0:25:00,47,73,59,59,235,N,47,73,56,56,232,1,1,0.949152542,0.949152542,0.987234043
501,1,8a,CyO,11:18:00,11:40:00,12:05:00,0:22:00,0:25:00,55,83,80,61,279,N,55,78,80,51,264,1,0.939759036,1,0.836065574,0.946236559
502,1,8a,CyO,11:18:00,13:55:00,14:24:00,2:37:00,0:29:00,38,42,46,32,158,N,34,35,42,27,138,0.894736842,0.833333333,0.913043478,0.84375,0.873417722
503,1,8a,KO,11:21:00,12:29:00,12:56:00,1:08:00,0:27:00,52,79,88,73,292,N,48,76,83,67,274,0.923076923,0.962025316,0.943181818,0.917808219,0.938356164
504,1,8a,KO,11:33:00,14:00:00,14:24:00,2:27:00,0:24:00,28,12,12,1,53,N,24,3,1,0,28,0.857142857,0.25,0.083333333,0,0.528301887
505,1,8a,KO,11:33:00,11:42:00,12:07:00,0:09:00,0:25:00,49,93,93,73,308,N,48,89,89,64,290,0.979591837,0.956989247,0.956989247,0.876712329,0.941558442
506,1,8a,CyO,11:17:00,13:28:00,13:51:00,2:11:00,0:23:00,31,35,43,25,134,N,24,11,33,6,74,0.774193548,0.314285714,0.76744186,0.24,0.552238806
507,1,8a,CyO,11:30:00,12:07:00,12:22:00,0:37:00,0:15:00,53,54,30,37,174,Y,10,11,7,10,38,0.188679245,0.203703704,0.233333333,0.27027027,0.218390805
508,1,8a,CyO,11:26:00,12:12:00,12:29:00,0:46:00,0:17:00,70,88,75,50,283,N,65,80,31,27,203,0.928571429,0.909090909,0.413333333,0.54,0.717314488
509,1,8a,CyO,11:18:00,13:28:00,13:48:00,2:10:00,0:20:00,54,100,88,58,300,N,53,93,83,34,263,0.981481481,0.93,0.943181818,0.586206897,0.876666667
510,1,8a,CyO,11:30:00,12:51:00,13:24:00,1:21:00,0:33:00,36,36,31,28,131,N,36,36,29,26,127,1,1,0.935483871,0.928571429,0.969465649
511,1,8a,KO,11:33:00,11:42:00,12:07:00,0:09:00,0:25:00,58,84,66,42,249,N,58,80,65,32,235,1,0.952380952,0.984848485,0.761904762,0.9437751
512,1,8a,KO,11:23:00,13:04:00,13:34:00,1:41:00,0:30:00,47,55,53,46,201,N,47,51,51,42,191,1,0.927272727,0.962264151,0.913043478,0.950248756
513,1,8a,KO,11:28:00,12:34:00,13:04:00,1:06:00,0:30:00,73,93,93,80,339,N,69,93,85,70,317,0.945205479,1,0.913978495,0.875,0.935103245
514,1,8a,KO,11:28:00,14:29:00,14:52:00,3:01:00,0:23:00,50,75,67,15,207,N,50,72,63,11,196,1,0.96,0.940298507,0.733333333,0.946859903
515,1,8a,CyO,NA,12:05:00,12:22:00,NA,0:17:00,49,79,88,23,239,N,47,78,81,23,229,0.959183673,0.987341772,0.920454545,1,0.958158996
516,1,8a,KO,11:23:00,11:42:00,12:05:00,0:19:00,0:23:00,59,59,55,43,216,N,55,56,51,40,202,0.93220339,0.949152542,0.927272727,0.930232558,0.935185185
517,1,8a,CyO,11:30:00,11:43:00,12:07:00,0:13:00,0:24:00,76,78,78,59,289,N,76,72,69,55,272,1,0.923076923,0.884615385,0.93220339,0.941176471
518,1,8a,KO,11:28:00,13:28:00,13:48:00,2:00:00,0:20:00,48,61,67,52,228,N,45,61,61,47,214,0.9375,1,0.910447761,0.903846154,0.938596491
519,1,8a,KO,11:23:00,13:28:00,13:51:00,2:05:00,0:23:00,67,77,72,52,268,N,66,74,64,43,247,0.985074627,0.961038961,0.888888889,0.826923077,0.921641791
520,1,8a,KO,11:28:00,12:29:00,12:56:00,1:01:00,0:27:00,64,102,92,70,328,N,63,97,76,57,293,0.984375,0.950980392,0.826086957,0.814285714,0.893292683
521,1,8a,CyO,11:26:00,11:56:00,12:12:00,0:30:00,0:16:00,8,0,0,0,8,Y,0,0,0,0,0,0,NA,NA,NA,0
522,1,8a,CyO,11:26:00,12:29:00,12:48:00,1:03:00,0:19:00,42,48,54,28,172,N,40,42,36,4,122,0.952380952,0.875,0.666666667,0.142857143,0.709302326
523,1,8a,CyO,11:26:00,11:50:00,12:12:00,0:24:00,0:22:00,58,44,5,0,107,Y,40,2,0,0,42,0.689655172,0.045454545,0,NA,0.392523364
524,1,8a,CyO,11:26:00,11:40:00,11:56:00,0:14:00,0:16:00,50,83,46,3,182,Y,49,81,33,3,166,0.98,0.975903614,0.717391304,1,0.912087912
525,1,8a,CyO,11:26:00,13:55:00,14:24:00,2:29:00,0:29:00,53,59,36,56,204,N,53,56,34,53,196,1,0.949152542,0.944444444,0.946428571,0.960784314
526,1,8a,KO,11:23:00,13:04:00,13:28:00,1:41:00,0:24:00,68,67,55,40,230,N,50,61,35,25,171,0.735294118,0.910447761,0.636363636,0.625,0.743478261
527,1,8a,CyO,11:26:00,12:29:00,12:43:00,1:03:00,0:14:00,69,38,0,6,113,Y,47,8,0,2,57,0.68115942,0.210526316,NA,0.333333333,0.504424779
528,1,8a,KO,11:23:00,11:56:00,12:22:00,0:33:00,0:26:00,61,77,71,56,265,N,59,70,70,54,253,0.967213115,0.909090909,0.985915493,0.964285714,0.954716981
529,1,56i,CyO,1:09:00,1:48:00,2:16:00,0:39:00,0:28:00,NA,NA,NA,NA,NA,NA,NA,NA,NA,NA,NA,NA,NA,NA,NA,NA
530,1,56i,KO,1:06:00,2:55:00,3:18:00,1:49:00,0:23:00,NA,NA,NA,NA,NA,NA,NA,NA,NA,NA,NA,NA,NA,NA,NA,NA
531,1,56i,KO,1:07:00,1:38:00,2:02:00,0:31:00,0:24:00,NA,NA,NA,NA,NA,NA,NA,NA,NA,NA,NA,NA,NA,NA,NA,NA
532,1,56i,KO,1:07:00,1:48:00,2:03:00,0:41:00,0:15:00,NA,NA,NA,NA,NA,NA,NA,NA,NA,NA,NA,NA,NA,NA,NA,NA
533,1,56i,CyO,1:09:00,3:35:00,3:48:00,2:26:00,0:13:00,NA,NA,NA,NA,NA,NA,NA,NA,NA,NA,NA,NA,NA,NA,NA,NA
534,1,56i,CyO,1:09:00,1:42:00,2:03:00,0:33:00,0:21:00,NA,NA,NA,NA,NA,NA,NA,NA,NA,NA,NA,NA,NA,NA,NA,NA
535,1,56i,CyO,1:10:00,1:38:00,1:56:00,0:28:00,0:18:00,NA,NA,NA,NA,NA,NA,NA,NA,NA,NA,NA,NA,NA,NA,NA,NA
536,1,56i,CyO,1:10:00,3:35:00,3:55:00,2:25:00,0:20:00,NA,NA,NA,NA,NA,NA,NA,NA,NA,NA,NA,NA,NA,NA,NA,NA
537,1,56i,KO,1:07:00,3:55:00,4:17:00,2:48:00,0:22:00,NA,NA,NA,NA,NA,NA,NA,NA,NA,NA,NA,NA,NA,NA,NA,NA
538,1,56i,KO,1:07:00,1:38:00,2:02:00,0:31:00,0:24:00,NA,NA,NA,NA,NA,NA,NA,NA,NA,NA,NA,NA,NA,NA,NA,NA
539,1,56i,CyO,1:10:00,1:48:00,2:04:00,0:38:00,0:16:00,NA,NA,NA,NA,NA,NA,NA,NA,NA,NA,NA,NA,NA,NA,NA,NA
540,1,56i,CyO,1:11:00,1:49:00,2:04:00,0:38:00,0:15:00,NA,NA,NA,NA,NA,NA,NA,NA,NA,NA,NA,NA,NA,NA,NA,NA
541,1,56i,CyO,1:15:00,2:36:00,3:02:00,1:21:00,0:26:00,NA,NA,NA,NA,NA,NA,NA,NA,NA,NA,NA,NA,NA,NA,NA,NA
542,1,56i,KO,1:08:00,2:45:00,3:18:00,1:37:00,0:33:00,NA,NA,NA,NA,NA,NA,NA,NA,NA,NA,NA,NA,NA,NA,NA,NA
543,1,56i,KO,1:08:00,3:02:00,3:27:00,1:54:00,0:25:00,NA,NA,NA,NA,NA,NA,NA,NA,NA,NA,NA,NA,NA,NA,NA,NA
544,1,56i,CyO,1:15:00,1:38:00,2:03:00,0:23:00,0:25:00,NA,NA,NA,NA,NA,NA,NA,NA,NA,NA,NA,NA,NA,NA,NA,NA
545,1,56i,CyO,1:16:00,1:48:00,2:16:00,0:32:00,0:28:00,NA,NA,NA,NA,NA,NA,NA,NA,NA,NA,NA,NA,NA,NA,NA,NA
546,1,56i,KO,1:12:00,3:09:00,3:30:00,1:57:00,0:21:00,NA,NA,NA,NA,NA,NA,NA,NA,NA,NA,NA,NA,NA,NA,NA,NA
547,1,56i,CyO,1:16:00,2:36:00,2:54:00,1:20:00,0:18:00,NA,NA,NA,NA,NA,NA,NA,NA,NA,NA,NA,NA,NA,NA,NA,NA
548,1,56i,KO,1:12:00,2:09:00,2:29:00,0:57:00,0:20:00,NA,NA,NA,NA,NA,NA,NA,NA,NA,NA,NA,NA,NA,NA,NA,NA
549,1,56i,CyO,1:17:00,4:17:00,4:43:00,3:00:00,0:26:00,NA,NA,NA,NA,NA,NA,NA,NA,NA,NA,NA,NA,NA,NA,NA,NA
550,1,56i,KO,1:12:00,3:09:00,3:27:00,1:57:00,0:18:00,NA,NA,NA,NA,NA,NA,NA,NA,NA,NA,NA,NA,NA,NA,NA,NA
551,1,56i,KO,1:13:00,3:42:00,4:06:00,2:29:00,0:24:00,NA,NA,NA,NA,NA,NA,NA,NA,NA,NA,NA,NA,NA,NA,NA,NA
552,1,56i,CyO,1:17:00,4:22:00,4:43:00,3:05:00,0:21:00,NA,NA,NA,NA,NA,NA,NA,NA,NA,NA,NA,NA,NA,NA,NA,NA
553,1,56i,KO,1:13:00,4:17:00,4:43:00,3:04:00,0:26:00,NA,NA,NA,NA,NA,NA,NA,NA,NA,NA,NA,NA,NA,NA,NA,NA
554,1,56i,KO,1:13:00,3:27:00,3:48:00,2:14:00,0:21:00,NA,NA,NA,NA,NA,NA,NA,NA,NA,NA,NA,NA,NA,NA,NA,NA
555,1,56i,KO,1:13:00,1:38:00,2:02:00,0:25:00,0:24:00,NA,NA,NA,NA,NA,NA,NA,NA,NA,NA,NA,NA,NA,NA,NA,NA
556,1,56i,CyO,1:22:00,2:44:00,3:18:00,1:22:00,0:34:00,NA,NA,NA,NA,NA,NA,NA,NA,NA,NA,NA,NA,NA,NA,NA,NA
557,1,56i,KO,1:14:00,3:02:00,3:18:00,1:48:00,0:16:00,NA,NA,NA,NA,NA,NA,NA,NA,NA,NA,NA,NA,NA,NA,NA,NA
558,1,56i,KO,1:18:00,3:55:00,4:22:00,2:37:00,0:27:00,NA,NA,NA,NA,NA,NA,NA,NA,NA,NA,NA,NA,NA,NA,NA,NA
559,1,56i,KO,1:18:00,4:06:00,4:28:00,2:48:00,0:22:00,NA,NA,NA,NA,NA,NA,NA,NA,NA,NA,NA,NA,NA,NA,NA,NA
560,1,56i,KO,1:18:00,1:50:00,2:09:00,0:32:00,0:19:00,NA,NA,NA,NA,NA,NA,NA,NA,NA,NA,NA,NA,NA,NA,NA,NA
561,1,56i,KO,1:18:00,3:02:00,3:35:00,1:44:00,0:33:00,NA,NA,NA,NA,NA,NA,NA,NA,NA,NA,NA,NA,NA,NA,NA,NA
562,1,56i,KO,1:19:00,2:30:00,2:55:00,1:11:00,0:25:00,NA,NA,NA,NA,NA,NA,NA,NA,NA,NA,NA,NA,NA,NA,NA,NA
563,1,56i,CyO,1:22:00,3:42:00,4:06:00,2:20:00,0:24:00,NA,NA,NA,NA,NA,NA,NA,NA,NA,NA,NA,NA,NA,NA,NA,NA
564,1,56i,KO,1:19:00,2:55:00,3:18:00,1:36:00,0:23:00,NA,NA,NA,NA,NA,NA,NA,NA,NA,NA,NA,NA,NA,NA,NA,NA
565,1,56i,CyO,1:22:00,1:43:00,2:04:00,0:21:00,0:21:00,NA,NA,NA,NA,NA,NA,NA,NA,NA,NA,NA,NA,NA,NA,NA,NA
566,1,56i,KO,1:19:00,2:45:00,NA,1:26:00,NA,NA,NA,NA,NA,NA,NA,NA,NA,NA,NA,NA,NA,NA,NA,NA,NA
567,1,56i,KO,1:19:00,4:11:00,4:43:00,2:52:00,0:32:00,NA,NA,NA,NA,NA,NA,NA,NA,NA,NA,NA,NA,NA,NA,NA,NA
568,1,56i,KO,1:19:00,1:56:00,2:16:00,0:37:00,0:20:00,NA,NA,NA,NA,NA,NA,NA,NA,NA,NA,NA,NA,NA,NA,NA,NA
569,1,56i,CyO,1:22:00,1:39:00,2:04:00,0:17:00,0:25:00,NA,NA,NA,NA,NA,NA,NA,NA,NA,NA,NA,NA,NA,NA,NA,NA
570,1,56i,CyO,1:23:00,1:43:00,2:04:00,0:20:00,0:21:00,NA,NA,NA,NA,NA,NA,NA,NA,NA,NA,NA,NA,NA,NA,NA,NA
571,1,56i,CyO,1:23:00,1:43:00,2:04:00,0:20:00,0:21:00,NA,NA,NA,NA,NA,NA,NA,NA,NA,NA,NA,NA,NA,NA,NA,NA
572,1,56i,KO,1:19:00,2:23:00,2:45:00,1:04:00,0:22:00,NA,NA,NA,NA,NA,NA,NA,NA,NA,NA,NA,NA,NA,NA,NA,NA
573,1,56i,CyO,1:23:00,3:18:00,3:42:00,1:55:00,0:24:00,NA,NA,NA,NA,NA,NA,NA,NA,NA,NA,NA,NA,NA,NA,NA,NA
574,1,56i,CyO,1:24:00,1:30:00,2:04:00,0:06:00,0:34:00,NA,NA,NA,NA,NA,NA,NA,NA,NA,NA,NA,NA,NA,NA,NA,NA
575,1,56i,KO,1:20:00,3:02:00,3:35:00,1:42:00,0:33:00,NA,NA,NA,NA,NA,NA,NA,NA,NA,NA,NA,NA,NA,NA,NA,NA
